smiles,LUMO
C4=CC5=C(C1=CC=C([N]1)C(=C2C=CC(=N2)C(=C3C=CC(=N3)C(=C4[N]5)C1=CC=C(C=C1)C(C)(C)C)C1=CC=C(C=C1)[N+](=O)[O-])C1=CC=C(C=C1)C(C)(C)C)C1=CC=C(C=C1)[N+](=O)[O-].[Co],-3.01366255
C4=CC5=C(C1=CC=C([N]1)C(=C2C=CC(=N2)C(=C3C=CC(=N3)C(=C4[N]5)C1=C(C=CC=C1)[Cl])C1=C(C=CC=C1)[Cl])C1=C(C=CC=C1)[Cl])C1=C(C=CC=C1)[Cl].[Cu],-2.540728418
C4=CC5=C(C1=CC=C([N]1)C(=C2C=CC(=N2)C(=C3C=CC(=N3)C(=C4[N]5)C1=CC=C(C=C1)OC)C1=CC=C(C=C1)[N]([H])[H])C1=CC=C(C=C1)OC)C1=CC=C(C=C1)[N]([H])[H].[Ni],-2.18235428
C4=CC5=C(C1=CC=C([N]1)C(=C2C=CC(=N2)C(=C3C=CC(=N3)C(=C4[N]5)C1=CC=C(C=C1)[Br])C1(=C(C(=C(C(=C1[F])[F])[F])[F])[F]))C1=CC=C(C=C1)[Br])C1(=C(C(=C(C(=C1[F])[F])[F])[F])[F]).[Mn],-3.289586146
C4=CC5=C(C1=CC=C([N]1)C(=C2C=CC(=N2)C(=C3C=CC(=N3)C(=C4[N]5)C1=CC=C(C=C1)[N](C)C)C1=CC=C(C=C1)C([F])([F])[F])C1=CC=C(C=C1)[N](C)C)C1=CC=C(C=C1)C([F])([F])[F].[Mn],-2.74426969
C4=CC5=C(C1=CC=C([N]1)C(=C2C=CC(=N2)C(=C3C=CC(=N3)C(=C4[N]5)C1=CC=C(C=C1)[Br])C1=CC=CC(=C1)OC)C1=CC=C(C=C1)[Br])C1=CC=CC(=C1)OC.[Ni],-2.519503526
C4=CC5=C(C1=CC=C([N]1)C(=C2C=CC(=N2)C(=C3C=CC(=N3)C(=C4[N]5)C1=CC=C(C=C1)OC)C1=CC=C(C=C1)C([F])([F])[F])C1=CC=C(C=C1)OC)C1=CC=C(C=C1)C([F])([F])[F].[Fe],-3.10890245
C4=CC5=C(C1=CC=C([N]1)C(=C2C=CC(=N2)C(=C3C=CC(=N3)C(=C4[N]5)C1=CC=C(C=C1)[Br])C1=CC=C(C=C1)OC)C1=CC=C(C=C1)[Br])C1=CC=C(C=C1)OC.[Ni],-2.529843858
C4=CC5=C(C1=CC=C([N]1)C(=C2C=CC(=N2)C(=C3C=CC(=N3)C(=C4[N]5)C1=CC=C(C=C1)C(=O)O)C1=CC=C(C=C1)C(=O)O)C1=CC=C(C=C1)C(=O)O)C1=CC=C(C=C1)C(=O)O.[Mn],-2.98373001
C4=CC5=C(C1=CC=C([N]1)C(=C2C=CC(=N2)C(=C3C=CC(=N3)C(=C4[N]5)C1=CC=C(C=C1)C#C)C1=CC=C(C=C1)[Br])C1=CC=C(C=C1)C#C)C1=CC=C(C=C1)[Br].[Co],-2.692840144
C4=CC5=C(C1=CC=C([N]1)C(=C2C=CC(=N2)C(=C3C=CC(=N3)C(=C4[N]5)C1=CC=C(C=C1)C#[N])C1=CC=C(C=C1)[N+](=O)[O-])C1=CC=C(C=C1)C#[N])C1=CC=C(C=C1)[N+](=O)[O-].[Co],-3.365505952
C4=CC5=C(C1=CC=C([N]1)C(=C2C=CC(=N2)C(=C3C=CC(=N3)C(=C4[N]5)C1=CC=CC=C1)C1=CC=CC=C1)C1=CC=CC=C1)C1=CC=CC=C1.[Mn],-2.59052528
C4=CC5=C(C1=CC=C([N]1)C(=C2C=CC(=N2)C(=C3C=CC(=N3)C(=C4[N]5)C1=CC=C(C=C1)C#[N])C1=CC=C(C=C1)C#[N])C1=CC=C(C=C1)C#[N])C1=CC=C(C=C1)C#[N].[Co],-3.252306528
C4=CC5=C(C1=CC=C([N]1)C(=C2C=CC(=N2)C(=C3C=CC(=N3)C(=C4[N]5)C1=C(C=CC=C1)[Cl])C1=C(C=CC=C1)[Cl])C1=C(C=CC=C1)[Cl])C1=C(C=CC=C1)[Cl].[Zn],-2.56739559
C4=CC5=C(C1=CC=C([N]1)C(=C2C=CC(=N2)C(=C3C=CC(=N3)C(=C4[N]5)C1=CC=C(C=C1)C(C)(C)C)C1=CC=C(C=C1)[N]([H])[H])C1=CC=C(C=C1)C(C)(C)C)C1=CC=C(C=C1)[N]([H])[H].[Cu],-2.260450998
C4=CC5=C(C1=CC=C([N]1)C(=C2C=CC(=N2)C(=C3C=CC(=N3)C(=C4[N]5)C1=CC=C(C=C1)C#[N])C1(=C(C(=C(C(=C1[F])[F])[F])[F])[F]))C1=CC=C(C=C1)C#[N])C1(=C(C(=C(C(=C1[F])[F])[F])[F])[F]).[Ni],-3.297749566
C4=CC5=C(C1=CC=C([N]1[H])C(=C2C=CC(=N2)C(=C3C=CC(N3[H])=C(C4=[N]5)C1=CC=C(C=C1)C#C)C1=CC=C(C=C1)[N+](=O)[O-])C1=CC=C(C=C1)C#C)C1=CC=C(C=C1)[N+](=O)[O-] ,-3.26672857
C4=CC5=C(C1=CC=C([N]1)C(=C2C=CC(=N2)C(=C3C=CC(=N3)C(=C4[N]5)C1(=C(C(=C(C(=C1[F])[F])[F])[F])[F]))C1(=C(C(=C(C(=C1[F])[F])[F])[F])[F]))C1(=C(C(=C(C(=C1[F])[F])[F])[F])[F]))C1(=C(C(=C(C(=C1[F])[F])[F])[F])[F]).[Mn],-3.3197908
C4=CC5=C(C1=CC=C([N]1)C(=C2C=CC(=N2)C(=C3C=CC(=N3)C(=C4[N]5)C1=CC=C(C=C1)C(C)(C)C)C1=CC=C(C=C1)C([F])([F])[F])C1=CC=C(C=C1)C(C)(C)C)C1=CC=C(C=C1)C([F])([F])[F].[Ni],-2.668894112
C4=CC5=C(C1=CC=C([N]1[H])C(=C2C=CC(=N2)C(=C3C=CC(N3[H])=C(C4=[N]5)C1=CC=C(C=C1)[N](C)C)C1=CC=C(C=C1)OC)C1=CC=C(C=C1)[N](C)C)C1=CC=C(C=C1)OC ,-2.294737362
C4=CC5=C(C1=CC=C([N]1)C(=C2C=CC(=N2)C(=C3C=CC(=N3)C(=C4[N]5)C1=CC=CC=C1OC)C1=CC=CC=C1OC)C1=CC=CC=C1OC)C1=CC=CC=C1OC.[Co],-2.07759039
C4=CC5=C(C1=CC=C([N]1)C(=C2C=CC(=N2)C(=C3C=CC(=N3)C(=C4[N]5)C1=CC=C(C=C1)C#C)C1=CC=C(C=C1)C(C)(C)C)C1=CC=C(C=C1)C#C)C1=CC=C(C=C1)C(C)(C)C.[Fe],-2.966586828
C4=CC5=C(C1=CC=C([N]1[H])C(=C2C=CC(=N2)C(=C3C=CC(N3[H])=C(C4=[N]5)C1=CC=C(C=C1)[N]([H])[H])C1=CC=C(C=C1)[N+](=O)[O-])C1=CC=C(C=C1)[N]([H])[H])C1=CC=C(C=C1)[N+](=O)[O-] ,-3.065092096
C4=CC5=C(C1=CC=C([N]1[H])C(=C2C=CC(=N2)C(=C3C=CC(N3[H])=C(C4=[N]5)C1=CC=C(C=C1)[Br])C1(=C(C(=C(C(=C1[F])[F])[F])[F])[F]))C1=CC=C(C=C1)[Br])C1(=C(C(=C(C(=C1[F])[F])[F])[F])[F]) ,-3.208768288
C4=CC5=C(C1=CC=C([N]1)C(=C2C=CC(=N2)C(=C3C=CC(=N3)C(=C4[N]5)C1=CC=C(C=C1)C#[N])C1=CC=C(C=C1)C#[N])C1=CC=C(C=C1)C#[N])C1=CC=C(C=C1)C#[N].[Mn],-3.373669372
C4=CC5=C(C1=CC=C([N]1)C(=C2C=CC(=N2)C(=C3C=CC(=N3)C(=C4[N]5)C1=CC=C(C=C1)[N]([H])[H])C1(=C(C(=C(C(=C1[F])[F])[F])[F])[F]))C1=CC=C(C=C1)[N]([H])[H])C1(=C(C(=C(C(=C1[F])[F])[F])[F])[F]).[Mn],-2.786719474
C4=CC5=C(C1=CC=C([N]1[H])C(=C2C=CC(=N2)C(=C3C=CC(N3[H])=C(C4=[N]5)C1=CC=C(C=C1)C#C)C1=CC=C(C=C1)OC)C1=CC=C(C=C1)C#C)C1=CC=C(C=C1)OC ,-2.612838628
C4=CC5=C(C1=CC=C([N]1[H])C(=C2C=CC(=N2)C(=C3C=CC(N3[H])=C(C4=[N]5)C1=CC=C(C=C1)OC)C1=CC=C(C=C1)[N]([H])[H])C1=CC=C(C=C1)OC)C1=CC=C(C=C1)[N]([H])[H] ,-2.2993633
C4=CC5=C(C1=CC=C([N]1)C(=C2C=CC(=N2)C(=C3C=CC(=N3)C(=C4[N]5)C1=CC=C(C=C1)[Br])C1=CC=C(C=C1)[N+](=O)[O-])C1=CC=C(C=C1)[Br])C1=CC=C(C=C1)[N+](=O)[O-].[Ni],-3.201149096
C4=CC5=C(C1=CC=C([N]1)C(=C2C=CC(=N2)C(=C3C=CC(=N3)C(=C4[N]5)C1=CC=C(C=C1)C#C)C1=CC=C(C=C1)C(C)(C)C)C1=CC=C(C=C1)C#C)C1=CC=C(C=C1)C(C)(C)C.[Mn],-2.648213448
C4=CC5=C(C1=CC=C([N]1)C(=C2C=CC(=N2)C(=C3C=CC(=N3)C(=C4[N]5)C1=CC=C(C=C1)OC)C1=CC=C(C=C1)OC)C1=CC=C(C=C1)OC)C1=CC=C(C=C1)OC.[Co],-2.25310392
C4=CC5=C(C1=CC=C([N]1)C(=C2C=CC(=N2)C(=C3C=CC(=N3)C(=C4[N]5)C1=CC=C(C=C1)OC)C1(=C(C(=C(C(=C1[F])[F])[F])[F])[F]))C1=CC=C(C=C1)OC)C1(=C(C(=C(C(=C1[F])[F])[F])[F])[F]).[Cu],-2.891755478
C4=CC5=C(C1=CC=C([N]1)C(=C2C=CC(=N2)C(=C3C=CC(=N3)C(=C4[N]5)C1=CC=C(C=C1)[N](C)C)C1=CC=C(C=C1)OC)C1=CC=C(C=C1)[N](C)C)C1=CC=C(C=C1)OC.[Ni],-2.114870008
C4=CC5=C(C1=CC=C([N]1)C(=C2C=CC(=N2)C(=C3C=CC(=N3)C(=C4[N]5)C1=CC=C(C=C1)C#C)C1=CC=C(C=C1)[N+](=O)[O-])C1=CC=C(C=C1)C#C)C1=CC=C(C=C1)[N+](=O)[O-].[Fe],-3.427003716
C4=CC5=C(C1=CC=C([N]1)C(=C2C=CC(=N2)C(=C3C=CC(=N3)C(=C4[N]5)C1=CC=C(C=C1)C)C1=CC=C(C=C1)C)C1=CC=C(C=C1)C)C1=CC=C(C=C1)C.[Mn],-2.490659442
C4=CC5=C(C1=CC=C([N]1)C(=C2C=CC(=N2)C(=C3C=CC(=N3)C(=C4[N]5)C1=CC=C(C=C1)C#[N])C1=CC=C(C=C1)[N+](=O)[O-])C1=CC=C(C=C1)C#[N])C1=CC=C(C=C1)[N+](=O)[O-].[Fe],-3.733676194
C4=CC5=C(C1=CC=C([N]1)C(=C2C=CC(=N2)C(=C3C=CC(=N3)C(=C4[N]5)C1=CC=C(C=C1)C(C)(C)C)C1=CC=C(C=C1)OC)C1=CC=C(C=C1)C(C)(C)C)C1=CC=C(C=C1)OC.[Mn],-2.71025544
C4=CC5=C(C1=CC=C([N]1)C(=C2C=CC(=N2)C(=C3C=CC(=N3)C(=C4[N]5)C1=CC=C(C=C1)C(C)(C)C)C1(=C(C(=C(C(=C1[F])[F])[F])[F])[F]))C1=CC=C(C=C1)C(C)(C)C)C1(=C(C(=C(C(=C1[F])[F])[F])[F])[F]).[Mn],-2.90345638
C4=CC5=C(C1=CC=C([N]1)C(=C2C=CC(=N2)C(=C3C=CC(=N3)C(=C4[N]5)C1=CC=C(C=C1)[N]([H])[H])C1(=C(C(=C(C(=C1[F])[F])[F])[F])[F]))C1=CC=C(C=C1)[N]([H])[H])C1(=C(C(=C(C(=C1[F])[F])[F])[F])[F]).[Co],-2.73882741
C4=CC5=C(C1=CC=C([N]1)C(=C2C=CC(=N2)C(=C3C=CC(=N3)C(=C4[N]5)C1=CC=C(C=C1)OC)C1(=C(C(=C(C(=C1[F])[F])[F])[F])[F]))C1=CC=C(C=C1)OC)C1(=C(C(=C(C(=C1[F])[F])[F])[F])[F]).[Co],-2.822366408
C4=CC5=C(C1=CC=C([N]1)C(=C2C=CC(=N2)C(=C3C=CC(=N3)C(=C4[N]5)C1=CC=C(C=C1)C#C)C1=CC=C(C=C1)[N]([H])[H])C1=CC=C(C=C1)C#C)C1=CC=C(C=C1)[N]([H])[H].[Cu],-2.456645192
C4=CC5=C(C1=CC=C([N]1)C(=C2C=CC(=N2)C(=C3C=CC(=N3)C(=C4[N]5)C1=CC=CC=C1)C1=CC=CC=C1)C1=CC=CC=C1)C1=CC=CC=C1.[Fe],-2.916789966
C4=CC5=C(C1=CC=C([N]1)C(=C2C=CC(=N2)C(=C3C=CC(=N3)C(=C4[N]5)C1=CC=C(C=C1)C#[N])C1=CC=C(C=C1)C(C)(C)C)C1=CC=C(C=C1)C#[N])C1=CC=C(C=C1)C(C)(C)C.[Cu],-2.895565074
C4=CC5=C(C1=CC=C([N]1)C(=C2C=CC(=N2)C(=C3C=CC(=N3)C(=C4[N]5)C1=CC=C(C=C1)C#[N])C1=CC=C(C=C1)[Br])C1=CC=C(C=C1)C#[N])C1=CC=C(C=C1)[Br].[Mn],-3.15380126
C4=CC5=C(C1=CC=C([N]1)C(=C2C=CC(=N2)C(=C3C=CC(=N3)C(=C4[N]5)C1=CC=C(C=C1)C#[N])C1=CC=C(C=C1)[N](C)C)C1=CC=C(C=C1)C#[N])C1=CC=C(C=C1)[N](C)C.[Co],-2.629709696
C4=CC5=C(C1=CC=C([N]1)C(=C2C=CC(=N2)C(=C3C=CC(=N3)C(=C4[N]5)C1=CC=C(C=C1)[N](C)C)C1=CC=C(C=C1)[N+](=O)[O-])C1=CC=C(C=C1)[N](C)C)C1=CC=C(C=C1)[N+](=O)[O-].[Fe],-3.124412948
C4=CC5=C(C1=CC=C([N]1[H])C(=C2C=CC(=N2)C(=C3C=CC(N3[H])=C(C4=[N]5)C1=CC=C(C=C1)C#[N])C1=CC=C(C=C1)[Br])C1=CC=C(C=C1)C#[N])C1=CC=C(C=C1)[Br] ,-3.178019406
C4=CC5=C(C1=CC=C([N]1)C(=C2C=CC(=N2)C(=C3C=CC(=N3)C(=C4[N]5)C1=CC=C(C=C1)[Br])C1=CC=C(C=C1)[N+](=O)[O-])C1=CC=C(C=C1)[Br])C1=CC=C(C=C1)[N+](=O)[O-].[Cu],-3.226999926
C4=CC5=C(C1=CC=C([N]1)C(=C2C=CC(=N2)C(=C3C=CC(=N3)C(=C4[N]5)C1=CC=C(C=C1)[N](C)C)C1=CC=C(C=C1)[N]([H])[H])C1=CC=C(C=C1)[N](C)C)C1=CC=C(C=C1)[N]([H])[H].[Co],-2.054188586
C4=CC5=C(C1=CC=C([N]1)C(=C2C=CC(=N2)C(=C3C=CC(=N3)C(=C4[N]5)C1=CC=C(C=C1)[N]([H])[H])C1=CC=C(C=C1)[N+](=O)[O-])C1=CC=C(C=C1)[N]([H])[H])C1=CC=C(C=C1)[N+](=O)[O-].[Mn],-3.040601836
C4=CC5=C(C1=CC=C([N]1)C(=C2C=CC(=N2)C(=C3C=CC(=N3)C(=C4[N]5)C1=CC=C(C=C1)C#[N])C1=CC=C(C=C1)OC)C1=CC=C(C=C1)C#[N])C1=CC=C(C=C1)OC.[Co],-2.807944366
C4=CC5=C(C1=CC=C([N]1)C(=C2C=CC(=N2)C(=C3C=CC(=N3)C(=C4[N]5)C1=CC=C(C=C1)[N](C)C)C1=CC=C(C=C1)OC)C1=CC=C(C=C1)[N](C)C)C1=CC=C(C=C1)OC.[Fe],-2.635151976
C4=CC5=C(C1=CC=C([N]1)C(=C2C=CC(=N2)C(=C3C=CC(=N3)C(=C4[N]5)C1=CC=C(C=C1)C#[N])C1=CC=C(C=C1)[N]([H])[H])C1=CC=C(C=C1)C#[N])C1=CC=C(C=C1)[N]([H])[H].[Co],-2.710799668
C4=CC5=C(C1=CC=C([N]1[H])C(=C2C=CC(=N2)C(=C3C=CC(N3[H])=C(C4=[N]5)C1=CC=C(C=C1)C(C)(C)C)C1=CC=C(C=C1)C([F])([F])[F])C1=CC=C(C=C1)C(C)(C)C)C1=CC=C(C=C1)C([F])([F])[F] ,-2.80005306
C4=CC5=C(C1=CC=C([N]1)C(=C2C=CC(=N2)C(=C3C=CC(=N3)C(=C4[N]5)C1=CC=C(C=C1)[Cl])C1=CC=C(C=C1)[Cl])C1=CC=C(C=C1)[Cl])C1=CC=C(C=C1)[Cl].[Co],-2.71297658
C4=CC5=C(C1=CC=C([N]1[H])C(=C2C=CC(=N2)C(=C3C=CC(N3[H])=C(C4=[N]5)C1=CC=C(C=C1)[N]([H])[H])C1(=C(C(=C(C(=C1[F])[F])[F])[F])[F]))C1=CC=C(C=C1)[N]([H])[H])C1(=C(C(=C(C(=C1[F])[F])[F])[F])[F]) ,-2.887673768
C4=CC5=C(C1=CC=C([N]1[H])C(=C2C=CC(=N2)C(=C3C=CC(N3[H])=C(C4=[N]5)C1=CC=C(C=C1)C(C)(C)C)C1(=C(C(=C(C(=C1[F])[F])[F])[F])[F]))C1=CC=C(C=C1)C(C)(C)C)C1(=C(C(=C(C(=C1[F])[F])[F])[F])[F]) ,-2.991077088
C4=CC5=C(C1=CC=C([N]1)C(=C2C=CC(=N2)C(=C3C=CC(=N3)C(=C4[N]5)C1=CC=C(C=C1)C(C)(C)C)C1(=C(C(=C(C(=C1[F])[F])[F])[F])[F]))C1=CC=C(C=C1)C(C)(C)C)C1(=C(C(=C(C(=C1[F])[F])[F])[F])[F]).[Co],-2.84495187
C4=CC5=C(C1=CC=C([N]1[H])C(=C2C=CC(=N2)C(=C3C=CC(N3[H])=C(C4=[N]5)C1=CC=C(C=C1)C#[N])C1=CC=C(C=C1)[N]([H])[H])C1=CC=C(C=C1)C#[N])C1=CC=C(C=C1)[N]([H])[H] ,-2.859101798
C4=CC5=C(C1=CC=C([N]1)C(=C2C=CC(=N2)C(=C3C=CC(=N3)C(=C4[N]5)C1=CC=C(C=C1)[N]([H])[H])C1=CC=C(C=C1)C([F])([F])[F])C1=CC=C(C=C1)[N]([H])[H])C1=CC=C(C=C1)C([F])([F])[F].[Mn],-2.825631776
C4=CC5=C(C1=CC=C([N]1)C(=C2C=CC(=N2)C(=C3C=CC(=N3)C(=C4[N]5)C1=CC=C(C=C1)[Cl])C1=CC=C(C=C1)[Cl])C1=CC=C(C=C1)[Cl])C1=CC=C(C=C1)[Cl].[Mn],-2.894748732
C4=CC5=C(C1=CC=C([N]1)C(=C2C=CC(=N2)C(=C3C=CC(=N3)C(=C4[N]5)C1=CC(=CC=C1)[Cl])C1=CC(=CC=C1)[Cl])C1=CC(=CC=C1)[Cl])C1=CC(=CC=C1)[Cl].[Ni],-2.725493824
C4=CC5=C(C1=CC=C([N]1[H])C(=C2C=CC(=N2)C(=C3C=CC(N3[H])=C(C4=[N]5)C1=CC=C(C=C1)C(C)(C)C)C1=CC=C(C=C1)OC)C1=CC=C(C=C1)C(C)(C)C)C1=CC=C(C=C1)OC ,-2.41229061
C4=CC5=C(C1=CC=C([N]1)C(=C2C=CC(=N2)C(=C3C=CC(=N3)C(=C4[N]5)C1=C(C=CC=C1)[Cl])C1=C(C=CC=C1)[Cl])C1=C(C=CC=C1)[Cl])C1=C(C=CC=C1)[Cl].[Mn],-2.641954826
C4=CC5=C(C1=CC=C([N]1[H])C(=C2C=CC(=N2)C(=C3C=CC(N3[H])=C(C4=[N]5)C1=CC=C(C=C1)C#[N])C1=CC=C(C=C1)[N+](=O)[O-])C1=CC=C(C=C1)C#[N])C1=CC=C(C=C1)[N+](=O)[O-] ,-3.512719626
C4=CC5=C(C1=CC=C([N]1)C(=C2C=CC(=N2)C(=C3C=CC(=N3)C(=C4[N]5)C1=CC=C(C=C1)C#C)C1=CC=C(C=C1)[N]([H])[H])C1=CC=C(C=C1)C#C)C1=CC=C(C=C1)[N]([H])[H].[Ni],-2.401950278
C4=CC5=C(C1=CC=C([N]1)C(=C2C=CC(=N2)C(=C3C=CC(=N3)C(=C4[N]5)C1=CC=C(C=C1)C#C)C1=CC=C(C=C1)[N](C)C)C1=CC=C(C=C1)C#C)C1=CC=C(C=C1)[N](C)C.[Ni],-2.36058895
C4=CC5=C(C1=CC=C([N]1)C(=C2C=CC(=N2)C(=C3C=CC(=N3)C(=C4[N]5)C1=CC=C(C=C1)[N](C)C)C1=CC=C(C=C1)[N+](=O)[O-])C1=CC=C(C=C1)[N](C)C)C1=CC=C(C=C1)[N+](=O)[O-].[Ni],-2.91706208
C4=CC5=C(C1=CC=C([N]1)C(=C2C=CC(=N2)C(=C3C=CC(=N3)C(=C4[N]5)C1=CC=C(C=C1)OC)C1=CC=C(C=C1)C([F])([F])[F])C1=CC=C(C=C1)OC)C1=CC=C(C=C1)C([F])([F])[F].[Cu],-2.692295916
C4=CC5=C(C1=CC=C([N]1)C(=C2C=CC(=N2)C(=C3C=CC(=N3)C(=C4[N]5)C1=CC=C(C=C1)OC)C1(=C(C(=C(C(=C1[F])[F])[F])[F])[F]))C1=CC=C(C=C1)OC)C1(=C(C(=C(C(=C1[F])[F])[F])[F])[F]).[Fe],-3.19870007
C4=CC5=C(C1=CC=C([N]1)C(=C2C=CC(=N2)C(=C3C=CC(=N3)C(=C4[N]5)C1=CC(=CC=C1Cl)[Cl])C1=CC(=CC=C1Cl)[Cl])C1=CC(=CC=C1Cl)[Cl])C1=CC(=CC=C1Cl)[Cl].[Mn],-2.897741986
C4=CC5=C(C1=CC=C([N]1)C(=C2C=CC(=N2)C(=C3C=CC(=N3)C(=C4[N]5)C1(=C(C(=C(C(=C1[F])[F])[F])[F])[F]))C1(=C(C(=C(C(=C1[F])[F])[F])[F])[F]))C1(=C(C(=C(C(=C1[F])[F])[F])[F])[F]))C1(=C(C(=C(C(=C1[F])[F])[F])[F])[F]).[Co],-3.248496932
C4=CC5=C(C1=CC=C([N]1)C(=C2C=CC(=N2)C(=C3C=CC(=N3)C(=C4[N]5)C1=CC=C(C=C1)C#C)C1=CC=C(C=C1)OC)C1=CC=C(C=C1)C#C)C1=CC=C(C=C1)OC.[Cu],-2.53882362
C4=CC5=C(C1=CC=C([N]1)C(=C2C=CC(=N2)C(=C3C=CC(=N3)C(=C4[N]5)C1(=C(C(=C(C(=C1[F])[F])[F])[F])[F]))C1=CC=C(C=C1)C([F])([F])[F])C1(=C(C(=C(C(=C1[F])[F])[F])[F])[F]))C1=CC=C(C=C1)C([F])([F])[F].[Fe],-3.538570456
C4=CC5=C(C1=CC=C([N]1)C(=C2C=CC(=N2)C(=C3C=CC(=N3)C(=C4[N]5)C1=CC=C(C=C1)C#[N])C1=CC=C(C=C1)C(C)(C)C)C1=CC=C(C=C1)C#[N])C1=CC=C(C=C1)C(C)(C)C.[Ni],-2.835699994
C4=CC5=C(C1=CC=C([N]1)C(=C2C=CC(=N2)C(=C3C=CC(=N3)C(=C4[N]5)C1=CC=C(C=C1)C#[N])C1=CC=C(C=C1)C#C)C1=CC=C(C=C1)C#[N])C1=CC=C(C=C1)C#C.[Fe],-3.403874026
C4=CC5=C(C1=CC=C([N]1)C(=C2C=CC(=N2)C(=C3C=CC(=N3)C(=C4[N]5)C1=CC=C(C=C1)C(C)(C)C)C1(=C(C(=C(C(=C1[F])[F])[F])[F])[F]))C1=CC=C(C=C1)C(C)(C)C)C1(=C(C(=C(C(=C1[F])[F])[F])[F])[F]).[Cu],-2.914068826
C4=CC5=C(C1=CC=C([N]1)C(=C2C=CC(=N2)C(=C3C=CC(=N3)C(=C4[N]5)C1=CC=C(C=C1)C#C)C1=CC=C(C=C1)C([F])([F])[F])C1=CC=C(C=C1)C#C)C1=CC=C(C=C1)C([F])([F])[F].[Fe],-3.298838022
C4=CC5=C(C1=CC=C([N]1)C(=C2C=CC(=N2)C(=C3C=CC(=N3)C(=C4[N]5)C1=CC=C(C=C1)C(C)(C)C)C1=CC=C(C=C1)C([F])([F])[F])C1=CC=C(C=C1)C(C)(C)C)C1=CC=C(C=C1)C([F])([F])[F].[Co],-2.649301904
C4=CC5=C(C1=CC=C([N]1)C(=C2C=CC(=N2)C(=C3C=CC(=N3)C(=C4[N]5)C1=CC=C(C=C1)[Br])C1=CC=C(C=C1)C(C)(C)C)C1=CC=C(C=C1)[Br])C1=CC=C(C=C1)C(C)(C)C.[Ni],-2.552973548
C4=CC5=C(C1=CC=C([N]1)C(=C2C=CC(=N2)C(=C3C=CC(=N3)C(=C4[N]5)C1=CC=C(C=C1)C#C)C1=CC=C(C=C1)C([F])([F])[F])C1=CC=C(C=C1)C#C)C1=CC=C(C=C1)C([F])([F])[F].[Co],-2.802229972
C4=CC5=C(C1=CC=C([N]1)C(=C2C=CC(=N2)C(=C3C=CC(=N3)C(=C4[N]5)C1=CC=C(C=C1)C#[N])C1=CC=C(C=C1)[Br])C1=CC=C(C=C1)C#[N])C1=CC=C(C=C1)[Br].[Cu],-3.084140076
C4=CC5=C(C1=CC=C([N]1)C(=C2C=CC(=N2)C(=C3C=CC(=N3)C(=C4[N]5)C1(=C(C(=C(C(=C1[F])[F])[F])[F])[F]))C1=CC=CC(=C1)OC)C1(=C(C(=C(C(=C1[F])[F])[F])[F])[F]))C1=CC=CC(=C1)OC.[Ni],-2.829441372
C4=CC5=C(C1=CC=C([N]1)C(=C2C=CC(=N2)C(=C3C=CC(=N3)C(=C4[N]5)C1=CC(=CC=C1)[N+](=O)[O-])C1=CC(=CC=C1)[N+](=O)[O-])C1=CC(=CC=C1)[N+](=O)[O-])C1=CC(=CC=C1)[N+](=O)[O-].[Co],-3.2381566
C4=CC5=C(C1=CC=C([N]1)C(=C2C=CC(=N2)C(=C3C=CC(=N3)C(=C4[N]5)C1=CC(=CC=C1)C)C1=CC(=CC=C1)C)C1=CC(=CC=C1)C)C1=CC(=CC=C1)C.[Co],-2.319227622
C4=CC5=C(C1=CC=C([N]1[H])C(=C2C=CC(=N2)C(=C3C=CC(N3[H])=C(C4=[N]5)C1=CC=C(C=C1)[Br])C1=CC=C(C=C1)C(C)(C)C)C1=CC=C(C=C1)[Br])C1=CC=C(C=C1)C(C)(C)C ,-2.684132496
C4=CC5=C(C1=CC=C([N]1)C(=C2C=CC(=N2)C(=C3C=CC(=N3)C(=C4[N]5)C1=CC=C(C=C1)C(C)(C)C)C1=CC=C(C=C1)[N](C)C)C1=CC=C(C=C1)C(C)(C)C)C1=CC=C(C=C1)[N](C)C.[Cu],-2.199225348
C4=CC5=C(C1=CC=C([N]1)C(=C2C=CC(=N2)C(=C3C=CC(=N3)C(=C4[N]5)C1=CC=C(C=C1)C(C)(C)C)C1=CC=C(C=C1)[N](C)C)C1=CC=C(C=C1)C(C)(C)C)C1=CC=C(C=C1)[N](C)C.[Ni],-2.14289775
C4=CC5=C(C1=CC=C([N]1)C(=C2C=CC(=N2)C(=C3C=CC(=N3)C(=C4[N]5)C1=CC=C(C=C1)C(C)(C)C)C1=CC=C(C=C1)[N]([H])[H])C1=CC=C(C=C1)C(C)(C)C)C1=CC=C(C=C1)[N]([H])[H].[Fe],-2.718146746
C4=CC5=C(C1=CC=C([N]1)C(=C2C=CC(=N2)C(=C3C=CC(=N3)C(=C4[N]5)C1=CC=C(C=C1)C#C)C1=CC=C(C=C1)C([F])([F])[F])C1=CC=C(C=C1)C#C)C1=CC=C(C=C1)C([F])([F])[F].[Ni],-2.815291444
C4=CC5=C(C1=CC=C([N]1)C(=C2C=CC(=N2)C(=C3C=CC(=N3)C(=C4[N]5)C1=CC=C(C=C1)C#C)C1(=C(C(=C(C(=C1[F])[F])[F])[F])[F]))C1=CC=C(C=C1)C#C)C1(=C(C(=C(C(=C1[F])[F])[F])[F])[F]).[Ni],-3.012029866
C4=CC5=C(C1=CC=C([N]1)C(=C2C=CC(=N2)C(=C3C=CC(=N3)C(=C4[N]5)C1=CC=C(C=C1)[Br])C1=CC=C(C=C1)C(C)(C)C)C1=CC=C(C=C1)[Br])C1=CC=C(C=C1)C(C)(C)C.[Mn],-2.696377626
C4=CC5=C(C1=CC=C([N]1)C(=C2C=CC(=N2)C(=C3C=CC(=N3)C(=C4[N]5)C1=CC=C(C=C1)C)C1=CC=C(C=C1)C)C1=CC=C(C=C1)C)C1=CC=C(C=C1)C.[Cu],-2.369568712
C4=CC5=C(C1=CC=C([N]1)C(=C2C=CC(=N2)C(=C3C=CC(=N3)C(=C4[N]5)C1=CC=C(C=C1)[Br])C1=CC=C(C=C1)C(C)(C)C)C1=CC=C(C=C1)[Br])C1=CC=C(C=C1)C(C)(C)C.[Co],-2.53474191
C4=CC5=C(C1=CC=C([N]1)C(=C2C=CC(=N2)C(=C3C=CC(=N3)C(=C4[N]5)C1(=C(C(=C(C(=C1[F])[F])[F])[F])[F]))C1=CC=C(C=C1)[N+](=O)[O-])C1(=C(C(=C(C(=C1[F])[F])[F])[F])[F]))C1=CC=C(C=C1)[N+](=O)[O-].[Fe],-3.713811872
C4=CC5=C(C1=CC=C([N]1)C(=C2C=CC(=N2)C(=C3C=CC(=N3)C(=C4[N]5)C1=CC=C(C=C1)C#[N])C1=CC=C(C=C1)[N+](=O)[O-])C1=CC=C(C=C1)C#[N])C1=CC=C(C=C1)[N+](=O)[O-].[Ni],-3.395710606
C4=CC5=C(C1=CC=C([N]1)C(=C2C=CC(=N2)C(=C3C=CC(=N3)C(=C4[N]5)C1=CC=C(C=C1)[N+](=O)[O-])C1=CC=C(C=C1)C([F])([F])[F])C1=CC=C(C=C1)[N+](=O)[O-])C1=CC=C(C=C1)C([F])([F])[F].[Co],-3.252578642
C4=CC5=C(C1=CC=C([N]1)C(=C2C=CC(=N2)C(=C3C=CC(=N3)C(=C4[N]5)C1=CC=C(C=C1)C#C)C1=CC=C(C=C1)[N+](=O)[O-])C1=CC=C(C=C1)C#C)C1=CC=C(C=C1)[N+](=O)[O-].[Ni],-3.20822406
C4=CC5=C(C1=CC=C([N]1[H])C(=C2C=CC(=N2)C(=C3C=CC(N3[H])=C(C4=[N]5)C1=CC=C(C=C1)C#C)C1(=C(C(=C(C(=C1[F])[F])[F])[F])[F]))C1=CC=C(C=C1)C#C)C1(=C(C(=C(C(=C1[F])[F])[F])[F])[F]) ,-3.150808006
C4=CC5=C(C1=CC=C([N]1)C(=C2C=CC(=N2)C(=C3C=CC(=N3)C(=C4[N]5)C1=CC=C(C=C1)C#[N])C1=CC=C(C=C1)[N+](=O)[O-])C1=CC=C(C=C1)C#[N])C1=CC=C(C=C1)[N+](=O)[O-].[Mn],-3.43407868
C4=CC5=C(C1=CC=C([N]1)C(=C2C=CC(=N2)C(=C3C=CC(=N3)C(=C4[N]5)C1=CC=C(C=C1)[N](C)C)C1=CC=C(C=C1)[N+](=O)[O-])C1=CC=C(C=C1)[N](C)C)C1=CC=C(C=C1)[N+](=O)[O-].[Co],-2.90073524
C4=CC5=C(C1=CC=C([N]1)C(=C2C=CC(=N2)C(=C3C=CC(=N3)C(=C4[N]5)C1=CC=C(C=C1)[N+](=O)[O-])C1=CC=C(C=C1)C([F])([F])[F])C1=CC=C(C=C1)[N+](=O)[O-])C1=CC=C(C=C1)C([F])([F])[F].[Mn],-3.283871752
C4=CC5=C(C1=CC=C([N]1)C(=C2C=CC(=N2)C(=C3C=CC(=N3)C(=C4[N]5)C1=CC=C(C=C1)OC)C1=CC=C(C=C1)C([F])([F])[F])C1=CC=C(C=C1)OC)C1=CC=C(C=C1)C([F])([F])[F].[Mn],-2.78780793
C4=CC5=C(C1=CC=C([N]1)C(=C2C=CC(=N2)C(=C3C=CC(=N3)C(=C4[N]5)C1=CC=C(C=C1)C#[N])C1=CC=C(C=C1)C([F])([F])[F])C1=CC=C(C=C1)C#[N])C1=CC=C(C=C1)C([F])([F])[F].[Cu],-3.177747292
C4=CC5=C(C1=CC=C([N]1)C(=C2C=CC(=N2)C(=C3C=CC(=N3)C(=C4[N]5)C1=CC=CC=C1)C1=CC=CC=C1)C1=CC=CC=C1)C1=CC=CC=C1.[Cu],-2.475148944
C4=CC5=C(C1=CC=C([N]1)C(=C2C=CC(=N2)C(=C3C=CC(=N3)C(=C4[N]5)C1=CC=C(C=C1)[Br])C1(=C(C(=C(C(=C1[F])[F])[F])[F])[F]))C1=CC=C(C=C1)[Br])C1(=C(C(=C(C(=C1[F])[F])[F])[F])[F]).[Cu],-3.126861974
C4=CC5=C(C1=CC=C([N]1)C(=C2C=CC(=N2)C(=C3C=CC(=N3)C(=C4[N]5)C1(=C(C(=C(C(=C1[F])[F])[F])[F])[F]))C1=CC=C(C=C1)C([F])([F])[F])C1(=C(C(=C(C(=C1[F])[F])[F])[F])[F]))C1=CC=C(C=C1)C([F])([F])[F].[Ni],-3.173121354
C4=CC5=C(C1=CC=C([N]1)C(=C2C=CC(=N2)C(=C3C=CC(=N3)C(=C4[N]5)C1=CC=C(C=C1)[Br])C1=CC=C(C=C1)C([F])([F])[F])C1=CC=C(C=C1)[Br])C1=CC=C(C=C1)C([F])([F])[F].[Co],-2.858013342
C4=CC5=C(C1=CC=C([N]1[H])C(=C2C=CC(=N2)C(=C3C=CC(N3[H])=C(C4=[N]5)C1=CC=C(C=C1)[N](C)C)C1=CC=C(C=C1)[N]([H])[H])C1=CC=C(C=C1)[N](C)C)C1=CC=C(C=C1)[N]([H])[H] ,-2.160040932
C4=CC5=C(C1=CC=C([N]1)C(=C2C=CC(=N2)C(=C3C=CC(=N3)C(=C4[N]5)C1=CC=C(C=C1)C#[N])C1=CC=C(C=C1)C#C)C1=CC=C(C=C1)C#[N])C1=CC=C(C=C1)C#C.[Co],-2.96468203
C4=CC5=C(C1=CC=C([N]1)C(=C2C=CC(=N2)C(=C3C=CC(=N3)C(=C4[N]5)C1=CC=C(C=C1)[Br])C1=CC=C(C=C1)[N](C)C)C1=CC=C(C=C1)[Br])C1=CC=C(C=C1)[N](C)C.[Co],-2.367663914
C4=CC5=C(C1=CC=C([N]1)C(=C2C=CC(=N2)C(=C3C=CC(=N3)C(=C4[N]5)C1=CC=C(C=C1)[Br])C1=CC=C(C=C1)[N]([H])[H])C1=CC=C(C=C1)[Br])C1=CC=C(C=C1)[N]([H])[H].[Co],-2.437052984
C4=CC5=C(C1=CC=C([N]1)C(=C2C=CC(=N2)C(=C3C=CC(=N3)C(=C4[N]5)C1=CC=C(C=C1)[N]([H])[H])C1(=C(C(=C(C(=C1[F])[F])[F])[F])[F]))C1=CC=C(C=C1)[N]([H])[H])C1(=C(C(=C(C(=C1[F])[F])[F])[F])[F]).[Fe],-3.111351476
C4=CC5=C(C1=CC=C([N]1)C(=C2C=CC(=N2)C(=C3C=CC(=N3)C(=C4[N]5)C1=CC=C(C=C1)C(=O)O)C1=CC=C(C=C1)C(=O)O)C1=CC=C(C=C1)C(=O)O)C1=CC=C(C=C1)C(=O)O.[Ni],-3.158427198
C4=CC5=C(C1=CC=C([N]1)C(=C2C=CC(=N2)C(=C3C=CC(=N3)C(=C4[N]5)C1=CC=C(C=C1)C(C)(C)C)C1=CC=C(C=C1)[N]([H])[H])C1=CC=C(C=C1)C(C)(C)C)C1=CC=C(C=C1)[N]([H])[H].[Mn],-2.531204428
C4=CC5=C(C1=CC=C([N]1)C(=C2C=CC(=N2)C(=C3C=CC(=N3)C(=C4[N]5)C1=CC=CC=C1)C1=CC=CC=C1)C1=CC=CC=C1)C1=CC=CC=C1.[Ni],-2.42725688
C4=CC5=C(C1=CC=C([N]1)C(=C2C=CC(=N2)C(=C3C=CC(=N3)C(=C4[N]5)C1=CC=C(C=C1)C#[N])C1(=C(C(=C(C(=C1[F])[F])[F])[F])[F]))C1=CC=C(C=C1)C#[N])C1(=C(C(=C(C(=C1[F])[F])[F])[F])[F]).[Fe],-3.66945729
C4=CC5=C(C1=CC=C([N]1)C(=C2C=CC(=N2)C(=C3C=CC(=N3)C(=C4[N]5)C1=CC=C(C=C1)OC)C1=CC=C(C=C1)[N]([H])[H])C1=CC=C(C=C1)OC)C1=CC=C(C=C1)[N]([H])[H].[Mn],-2.501544002
C4=CC5=C(C1=CC=C([N]1)C(=C2C=CC(=N2)C(=C3C=CC(=N3)C(=C4[N]5)C1=C(C=CC(=C1[Cl])[Cl])[Cl])C1=C(C=CC(=C1[Cl])[Cl])[Cl])C1=C(C=CC(=C1[Cl])[Cl])[Cl])C1=C(C=CC(=C1[Cl])[Cl])[Cl].[Zn],-2.827808688
C4=CC5=C(C1=CC=C([N]1[H])C(=C2C=CC(=N2)C(=C3C=CC(N3[H])=C(C4=[N]5)C1=CC=C(C=C1)[N](C)C)C1=CC=C(C=C1)[N+](=O)[O-])C1=CC=C(C=C1)[N](C)C)C1=CC=C(C=C1)[N+](=O)[O-] ,-2.976110818
C4=CC5=C(C1=CC=C([N]1)C(=C2C=CC(=N2)C(=C3C=CC(=N3)C(=C4[N]5)C1=CC=C(C=C1)C#C)C1(=C(C(=C(C(=C1[F])[F])[F])[F])[F]))C1=CC=C(C=C1)C#C)C1(=C(C(=C(C(=C1[F])[F])[F])[F])[F]).[Co],-3.000601078
C4=CC5=C(C1=CC=C([N]1)C(=C2C=CC(=N2)C(=C3C=CC(=N3)C(=C4[N]5)C1=CC=C(C=C1)[N]([H])[H])C1=CC=C(C=C1)[N+](=O)[O-])C1=CC=C(C=C1)[N]([H])[H])C1=CC=C(C=C1)[N+](=O)[O-].[Co],-2.92794664
C4=CC5=C(C1=CC=C([N]1)C(=C2C=CC(=N2)C(=C3C=CC(=N3)C(=C4[N]5)C1=CC=C(C=C1)OC)C1=CC=C(C=C1)[N+](=O)[O-])C1=CC=C(C=C1)OC)C1=CC=C(C=C1)[N+](=O)[O-].[Fe],-3.263463202
C4=CC5=C(C1=CC=C([N]1[H])C(=C2C=CC(=N2)C(=C3C=CC(N3[H])=C(C4=[N]5)C1=CC=C(C=C1)C#[N])C1=CC=C(C=C1)OC)C1=CC=C(C=C1)C#[N])C1=CC=C(C=C1)OC ,-2.938286972
C4=CC5=C(C1=CC=C([N]1[H])C(=C2C=CC(=N2)C(=C3C=CC(N3[H])=C(C4=[N]5)C1=CC=C(C=C1)C(C)(C)C)C1=CC=C(C=C1)[N+](=O)[O-])C1=CC=C(C=C1)C(C)(C)C)C1=CC=C(C=C1)[N+](=O)[O-] ,-3.119514896
C4=CC5=C(C1=CC=C([N]1)C(=C2C=CC(=N2)C(=C3C=CC(=N3)C(=C4[N]5)C1=CC=C(C=C1)C(C)(C)C)C1=CC=C(C=C1)[N+](=O)[O-])C1=CC=C(C=C1)C(C)(C)C)C1=CC=C(C=C1)[N+](=O)[O-].[Cu],-3.059105588
C4=CC5=C(C1=CC=C([N]1)C(=C2C=CC(=N2)C(=C3C=CC(=N3)C(=C4[N]5)C1=CC=C(C=C1)C)C1=CC=C(C=C1)C)C1=CC=C(C=C1)C)C1=CC=C(C=C1)C.[Zn],-2.400317594
C4=CC5=C(C1=CC=C([N]1)C(=C2C=CC(=N2)C(=C3C=CC(=N3)C(=C4[N]5)C1=CC=C(C=C1)[Br])C1=CC=C(C=C1)[N](C)C)C1=CC=C(C=C1)[Br])C1=CC=C(C=C1)[N](C)C.[Mn],-2.673247936
C4=CC5=C(C1=CC=C([N]1)C(=C2C=CC(=N2)C(=C3C=CC(=N3)C(=C4[N]5)C1=CC=C(C=C1)C#[N])C1(=C(C(=C(C(=C1[F])[F])[F])[F])[F]))C1=CC=C(C=C1)C#[N])C1(=C(C(=C(C(=C1[F])[F])[F])[F])[F]).[Mn],-3.349179112
C4=CC5=C(C1=CC=C([N]1)C(=C2C=CC(=N2)C(=C3C=CC(=N3)C(=C4[N]5)C1=CC=C(C=C1)C#C)C1=CC=C(C=C1)[N](C)C)C1=CC=C(C=C1)C#C)C1=CC=C(C=C1)[N](C)C.[Fe],-2.829713486
C4=CC5=C(C1=CC=C([N]1)C(=C2C=CC(=N2)C(=C3C=CC(=N3)C(=C4[N]5)C1=CC=C(C=C1)[F])C1=CC=C(C=C1)[F])C1=CC=C(C=C1)[F])C1=CC=C(C=C1)[F].[Co],-2.633247178
C4=CC5=C(C1=CC=C([N]1)C(=C2C=CC(=N2)C(=C3C=CC(=N3)C(=C4[N]5)C1=CC=C(C=C1)C#[N])C1=CC=CC(=C1)OC)C1=CC=C(C=C1)C#[N])C1=CC=CC(=C1)OC.[Ni],-2.80549534
C4=CC5=C(C1=CC=C([N]1)C(=C2C=CC(=N2)C(=C3C=CC(=N3)C(=C4[N]5)C1=CC=C(C=C1)C#[N])C1=CC=C(C=C1)C([F])([F])[F])C1=CC=C(C=C1)C#[N])C1=CC=C(C=C1)C([F])([F])[F].[Co],-3.1157053
C4=CC5=C(C1=CC=C([N]1)C(=C2C=CC(=N2)C(=C3C=CC(=N3)C(=C4[N]5)C1=CC=C(C=C1)C(C)(C)C)C1=CC=C(C=C1)[N](C)C)C1=CC=C(C=C1)C(C)(C)C)C1=CC=C(C=C1)[N](C)C.[Fe],-2.632430836
C4=CC5=C(C1=CC=C([N]1)C(=C2C=CC(=N2)C(=C3C=CC(=N3)C(=C4[N]5)C1=CC=C(C=C1)C(C)(C)C)C1=CC=C(C=C1)C([F])([F])[F])C1=CC=C(C=C1)C(C)(C)C)C1=CC=C(C=C1)C([F])([F])[F].[Fe],-3.137202306
C4=CC5=C(C1=CC=C([N]1)C(=C2C=CC(=N2)C(=C3C=CC(=N3)C(=C4[N]5)C1=CC=C(C=C1)[N](C)C)C1=CC=C(C=C1)[N+](=O)[O-])C1=CC=C(C=C1)[N](C)C)C1=CC=C(C=C1)[N+](=O)[O-].[Cu],-2.94019177
C4=CC5=C(C1=CC=C([N]1)C(=C2C=CC(=N2)C(=C3C=CC(=N3)C(=C4[N]5)C1=CC=C(C=C1)C#[N])C1=CC=C(C=C1)[N](C)C)C1=CC=C(C=C1)C#[N])C1=CC=C(C=C1)[N](C)C.[Mn],-3.267817026
C4=CC5=C(C1=CC=C([N]1[H])C(=C2C=CC(=N2)C(=C3C=CC(N3[H])=C(C4=[N]5)C1=CC=C(C=C1)[Br])C1=CC=C(C=C1)[N]([H])[H])C1=CC=C(C=C1)[Br])C1=CC=C(C=C1)[N]([H])[H] ,-2.574470554
C4=CC5=C(C1=CC=C([N]1[H])C(=C2C=CC(=N2)C(=C3C=CC(N3[H])=C(C4=[N]5)C1=CC=C(C=C1)OC)C1=CC=C(C=C1)[N+](=O)[O-])C1=CC=C(C=C1)OC)C1=CC=C(C=C1)[N+](=O)[O-] ,-3.141284016
C4=CC5=C(C1=CC=C([N]1)C(=C2C=CC(=N2)C(=C3C=CC(=N3)C(=C4[N]5)C1=CC=C(C=C1)[N]([H])[H])C1=CC=C(C=C1)C([F])([F])[F])C1=CC=C(C=C1)[N]([H])[H])C1=CC=C(C=C1)C([F])([F])[F].[Ni],-2.571749414
C4=CC5=C(C1=CC=C([N]1[H])C(=C2C=CC(=N2)C(=C3C=CC(N3[H])=C(C4=[N]5)C1=CC=C(C=C1)C#[N])C1=CC=C(C=C1)C([F])([F])[F])C1=CC=C(C=C1)C#[N])C1=CC=C(C=C1)C([F])([F])[F] ,-3.266456456
C4=CC5=C(C1=CC=C([N]1)C(=C2C=CC(=N2)C(=C3C=CC(=N3)C(=C4[N]5)C1=CC=C(C=C1)[N](C)C)C1=CC=C(C=C1)C([F])([F])[F])C1=CC=C(C=C1)[N](C)C)C1=CC=C(C=C1)C([F])([F])[F].[Cu],-2.546714926
C4=CC5=C(C1=CC=C([N]1)C(=C2C=CC(=N2)C(=C3C=CC(=N3)C(=C4[N]5)C1=C(C=CC(=C1[Cl])[Cl])[Cl])C1=C(C=CC(=C1[Cl])[Cl])[Cl])C1=C(C=CC(=C1[Cl])[Cl])[Cl])C1=C(C=CC(=C1[Cl])[Cl])[Cl].[Mn],-2.856924886
C4=CC5=C(C1=CC=C([N]1)C(=C2C=CC(=N2)C(=C3C=CC(=N3)C(=C4[N]5)C1=CC=C(C=C1)C#[N])C1=CC=C(C=C1)[Br])C1=CC=C(C=C1)C#[N])C1=CC=C(C=C1)[Br].[Fe],-3.461834308
C4=CC5=C(C1=CC=C([N]1)C(=C2C=CC(=N2)C(=C3C=CC(=N3)C(=C4[N]5)C1=CC(=CC=C1)[Cl])C1=CC(=CC=C1)[Cl])C1=CC(=CC=C1)[Cl])C1=CC(=CC=C1)[Cl].[Zn],-2.801685744
C4=CC5=C(C1=CC=C([N]1)C(=C2C=CC(=N2)C(=C3C=CC(=N3)C(=C4[N]5)C1=CC=C(C=C1)[N+](=O)[O-])C1=CC=C(C=C1)C([F])([F])[F])C1=CC=C(C=C1)[N+](=O)[O-])C1=CC=C(C=C1)C([F])([F])[F].[Fe],-3.59734708
C4=CC5=C(C1=CC=C([N]1)C(=C2C=CC(=N2)C(=C3C=CC(=N3)C(=C4[N]5)C1=CC=C(C=C1)[Cl])C1=CC=C(C=C1)[Cl])C1=CC=C(C=C1)[Cl])C1=CC=C(C=C1)[Cl].[Ni],-2.74018798
C4=CC5=C(C1=CC=C([N]1)C(=C2C=CC(=N2)C(=C3C=CC(=N3)C(=C4[N]5)C1=CC=C(C=C1)[Br])C1=CC=C(C=C1)OC)C1=CC=C(C=C1)[Br])C1=CC=C(C=C1)OC.[Co],-2.510523764
C4=CC5=C(C1=CC=C([N]1)C(=C2C=CC(=N2)C(=C3C=CC(=N3)C(=C4[N]5)C1=CC=C(C=C1)C#C)C1=CC=C(C=C1)[Br])C1=CC=C(C=C1)C#C)C1=CC=C(C=C1)[Br].[Mn],-2.979920414
C4=CC5=C(C1=CC=C([N]1)C(=C2C=CC(=N2)C(=C3C=CC(=N3)C(=C4[N]5)C1=CC=C(C=C1)C#[N])C1=CC=CC(=C1)OC)C1=CC=C(C=C1)C#[N])C1=CC=CC(=C1)OC.[Co],-2.839237476
C4=CC5=C(C1=CC=C([N]1)C(=C2C=CC(=N2)C(=C3C=CC(=N3)C(=C4[N]5)C1=CC=C(C=C1)[N]([H])[H])C1(=C(C(=C(C(=C1[F])[F])[F])[F])[F]))C1=CC=C(C=C1)[N]([H])[H])C1(=C(C(=C(C(=C1[F])[F])[F])[F])[F]).[Cu],-2.81093762
C4=CC5=C(C1=CC=C([N]1)C(=C2C=CC(=N2)C(=C3C=CC(=N3)C(=C4[N]5)C1=CC=C(C=C1)C#C)C1(=C(C(=C(C(=C1[F])[F])[F])[F])[F]))C1=CC=C(C=C1)C#C)C1(=C(C(=C(C(=C1[F])[F])[F])[F])[F]).[Mn],-3.061826728
C4=CC5=C(C1=CC=C([N]1)C(=C2C=CC(=N2)C(=C3C=CC(=N3)C(=C4[N]5)C1=CC=C(C=C1)C#[N])C1=CC=C(C=C1)[Br])C1=CC=C(C=C1)C#[N])C1=CC=C(C=C1)[Br].[Co],-3.011485638
C4=CC5=C(C1=CC=C([N]1)C(=C2C=CC(=N2)C(=C3C=CC(=N3)C(=C4[N]5)C1=CC=C(C=C1)C(C)(C)C)C1=CC=C(C=C1)[N+](=O)[O-])C1=CC=C(C=C1)C(C)(C)C)C1=CC=C(C=C1)[N+](=O)[O-].[Fe],-3.290674602
C4=CC5=C(C1=CC=C([N]1[H])C(=C2C=CC(=N2)C(=C3C=CC(N3[H])=C(C4=[N]5)C1=CC=C(C=C1)C(C)(C)C)C1=CC=C(C=C1)[N]([H])[H])C1=CC=C(C=C1)C(C)(C)C)C1=CC=C(C=C1)[N]([H])[H] ,-2.33473812
C4=CC5=C(C1=CC=C([N]1)C(=C2C=CC(=N2)C(=C3C=CC(=N3)C(=C4[N]5)C1=CC=C(C=C1)[N](C)C)C1(=C(C(=C(C(=C1[F])[F])[F])[F])[F]))C1=CC=C(C=C1)[N](C)C)C1(=C(C(=C(C(=C1[F])[F])[F])[F])[F]).[Co],-2.677329646
C4=CC5=C(C1=CC=C([N]1)C(=C2C=CC(=N2)C(=C3C=CC(=N3)C(=C4[N]5)C1=CC=C(C=C1)[Br])C1=CC=C(C=C1)[N+](=O)[O-])C1=CC=C(C=C1)[Br])C1=CC=C(C=C1)[N+](=O)[O-].[Mn],-3.350267568
C4=CC5=C(C1=CC=C([N]1)C(=C2C=CC(=N2)C(=C3C=CC(=N3)C(=C4[N]5)C1=CC=C(C=C1)[N](C)C)C1=CC=CC(=C1)OC)C1=CC=C(C=C1)[N](C)C)C1=CC=CC(=C1)OC.[Ni],-2.15786402
C4=CC5=C(C1=CC=C([N]1)C(=C2C=CC(=N2)C(=C3C=CC(=N3)C(=C4[N]5)C1=CC=C(C=C1)C#[N])C1=CC=C(C=C1)[N](C)C)C1=CC=C(C=C1)C#[N])C1=CC=C(C=C1)[N](C)C.[Fe],-3.092031382
C4=CC5=C(C1=CC=C([N]1)C(=C2C=CC(=N2)C(=C3C=CC(=N3)C(=C4[N]5)C1=CC=C(C=C1)C#[N])C1=CC=C(C=C1)[N](C)C)C1=CC=C(C=C1)C#[N])C1=CC=C(C=C1)[N](C)C.[Cu],-2.717330404
C4=CC5=C(C1=CC=C([N]1)C(=C2C=CC(=N2)C(=C3C=CC(=N3)C(=C4[N]5)C1=CC=C(C=C1)[N+](=O)[O-])C1=CC=C(C=C1)C([F])([F])[F])C1=CC=C(C=C1)[N+](=O)[O-])C1=CC=C(C=C1)C([F])([F])[F].[Cu],-3.309722582
C4=CC5=C(C1=CC=C([N]1)C(=C2C=CC(=N2)C(=C3C=CC(=N3)C(=C4[N]5)C1=CC=C(C=C1)C(=O)O)C1=CC=C(C=C1)C(=O)O)C1=CC=C(C=C1)C(=O)O)C1=CC=C(C=C1)C(=O)O.[Zn],-3.22999318
C4=CC5=C(C1=CC=C([N]1)C(=C2C=CC(=N2)C(=C3C=CC(=N3)C(=C4[N]5)C1=CC=C(C=C1)C(C)(C)C)C1=CC=C(C=C1)C([F])([F])[F])C1=CC=C(C=C1)C(C)(C)C)C1=CC=C(C=C1)C([F])([F])[F].[Mn],-2.80005306
C4=CC5=C(C1=CC=C([N]1)C(=C2C=CC(=N2)C(=C3C=CC(=N3)C(=C4[N]5)C1=CC=C(C=C1)[Br])C1=CC=C(C=C1)C([F])([F])[F])C1=CC=C(C=C1)[Br])C1=CC=C(C=C1)C([F])([F])[F].[Ni],-2.878421892
C4=CC5=C(C1=CC=C([N]1[H])C(=C2C=CC(=N2)C(=C3C=CC(N3[H])=C(C4=[N]5)C1=CC=C(C=C1)C#C)C1=CC=C(C=C1)[N](C)C)C1=CC=C(C=C1)C#C)C1=CC=C(C=C1)[N](C)C ,-2.477870084
C4=CC5=C(C1=CC=C([N]1)C(=C2C=CC(=N2)C(=C3C=CC(=N3)C(=C4[N]5)C1=CC=C(C=C1)OC)C1=CC=C(C=C1)[N+](=O)[O-])C1=CC=C(C=C1)OC)C1=CC=C(C=C1)[N+](=O)[O-].[Co],-3.037880696
C4=CC5=C(C1=CC=C([N]1[H])C(=C2C=CC(=N2)C(=C3C=CC(N3[H])=C(C4=[N]5)C1=CC=C(C=C1)[N](C)C)C1=CC=C(C=C1)C([F])([F])[F])C1=CC=C(C=C1)[N](C)C)C1=CC=C(C=C1)C([F])([F])[F] ,-2.63270295
C4=CC5=C(C1=CC=C([N]1)C(=C2C=CC(=N2)C(=C3C=CC(=N3)C(=C4[N]5)C1=CC=C(C=C1)C(C)(C)C)C1=CC=C(C=C1)[N+](=O)[O-])C1=CC=C(C=C1)C(C)(C)C)C1=CC=C(C=C1)[N+](=O)[O-].[Ni],-3.031622074
C4=CC5=C(C1=CC=C([N]1)C(=C2C=CC(=N2)C(=C3C=CC(=N3)C(=C4[N]5)C1=CC=C(C=C1)[N]([H])[H])C1=CC=C(C=C1)[N+](=O)[O-])C1=CC=C(C=C1)[N]([H])[H])C1=CC=C(C=C1)[N+](=O)[O-].[Cu],-2.984818466
C4=CC5=C(C1=CC=C([N]1)C(=C2C=CC(=N2)C(=C3C=CC(=N3)C(=C4[N]5)C1=CC=C(C=C1)C#C)C1(=C(C(=C(C(=C1[F])[F])[F])[F])[F]))C1=CC=C(C=C1)C#C)C1(=C(C(=C(C(=C1[F])[F])[F])[F])[F]).[Cu],-3.057472904
C4=CC5=C(C1=CC=C([N]1)C(=C2C=CC(=N2)C(=C3C=CC(=N3)C(=C4[N]5)C1=CC=C(C=C1)C(C)(C)C)C1=CC=CC(=C1)OC)C1=CC=C(C=C1)C(C)(C)C)C1=CC=CC(=C1)OC.[Cu],-2.343445768
C4=CC5=C(C1=CC=C([N]1)C(=C2C=CC(=N2)C(=C3C=CC(=N3)C(=C4[N]5)C1=CC=C(C=C1)C#[N])C1=CC=C(C=C1)C#C)C1=CC=C(C=C1)C#[N])C1=CC=C(C=C1)C#C.[Ni],-2.969580082
C4=CC5=C(C1=CC=C([N]1)C(=C2C=CC(=N2)C(=C3C=CC(=N3)C(=C4[N]5)C1=CC=C(C=C1)[Br])C1=CC=CC(=C1)OC)C1=CC=C(C=C1)[Br])C1=CC=CC(=C1)OC.[Co],-2.499639204
C4=CC5=C(C1=CC=C([N]1)C(=C2C=CC(=N2)C(=C3C=CC(=N3)C(=C4[N]5)C1=CC=C(C=C1)C(C)(C)C)C1=CC=C(C=C1)OC)C1=CC=C(C=C1)C(C)(C)C)C1=CC=C(C=C1)OC.[Ni],-2.289022968
C4=CC5=C(C1=CC=C([N]1[H])C(=C2C=CC(=N2)C(=C3C=CC(N3[H])=C(C4=[N]5)C1=CC=C(C=C1)OC)C1=CC=C(C=C1)C([F])([F])[F])C1=CC=C(C=C1)OC)C1=CC=C(C=C1)C([F])([F])[F] ,-2.775290686
C4=CC5=C(C1=CC=C([N]1)C(=C2C=CC(=N2)C(=C3C=CC(=N3)C(=C4[N]5)C1(=C(C(=C(C(=C1[F])[F])[F])[F])[F]))C1=CC=C(C=C1)[N+](=O)[O-])C1(=C(C(=C(C(=C1[F])[F])[F])[F])[F]))C1=CC=C(C=C1)[N+](=O)[O-].[Mn],-3.39190101
C4=CC5=C(C1=CC=C([N]1)C(=C2C=CC(=N2)C(=C3C=CC(=N3)C(=C4[N]5)C1=CC=CC=C1OC)C1=CC=CC=C1OC)C1=CC=CC=C1OC)C1=CC=CC=C1OC.[Mn],-2.282220118
C4=CC5=C(C1=CC=C([N]1)C(=C2C=CC(=N2)C(=C3C=CC(=N3)C(=C4[N]5)C1=CC=C(C=C1)[Br])C1=CC=C(C=C1)[N](C)C)C1=CC=C(C=C1)[Br])C1=CC=C(C=C1)[N](C)C.[Fe],-2.849849922
C4=CC5=C(C1=CC=C([N]1)C(=C2C=CC(=N2)C(=C3C=CC(=N3)C(=C4[N]5)C1(=C(C(=C(C(=C1[F])[F])[F])[F])[F]))C1=CC=C(C=C1)C([F])([F])[F])C1(=C(C(=C(C(=C1[F])[F])[F])[F])[F]))C1=CC=C(C=C1)C([F])([F])[F].[Mn],-3.219652848
C4=CC5=C(C1=CC=C([N]1)C(=C2C=CC(=N2)C(=C3C=CC(=N3)C(=C4[N]5)C1=CC=C(C=C1)C#[N])C1=CC=C(C=C1)C(C)(C)C)C1=CC=C(C=C1)C#[N])C1=CC=C(C=C1)C(C)(C)C.[Mn],-2.936654288
C4=CC5=C(C1=CC=C([N]1)C(=C2C=CC(=N2)C(=C3C=CC(=N3)C(=C4[N]5)C1=CC=C(C=C1)C#C)C1=CC=C(C=C1)C(C)(C)C)C1=CC=C(C=C1)C#C)C1=CC=C(C=C1)C(C)(C)C.[Cu],-2.54970818
C4=CC5=C(C1=CC=C([N]1)C(=C2C=CC(=N2)C(=C3C=CC(=N3)C(=C4[N]5)C1=CC=C(C=C1)[Br])C1(=C(C(=C(C(=C1[F])[F])[F])[F])[F]))C1=CC=C(C=C1)[Br])C1(=C(C(=C(C(=C1[F])[F])[F])[F])[F]).[Co],-3.053391194
C4=CC5=C(C1=CC=C([N]1)C(=C2C=CC(=N2)C(=C3C=CC(=N3)C(=C4[N]5)C1=CC=C(C=C1)[N+](=O)[O-])C1=CC=C(C=C1)[N+](=O)[O-])C1=CC=C(C=C1)[N+](=O)[O-])C1=CC=C(C=C1)[N+](=O)[O-].[Mn],-3.463739106
C4=CC5=C(C1=CC=C([N]1)C(=C2C=CC(=N2)C(=C3C=CC(=N3)C(=C4[N]5)C1=CC=C(C=C1)C#[N])C1=CC=C(C=C1)OC)C1=CC=C(C=C1)C#[N])C1=CC=C(C=C1)OC.[Fe],-3.222101874
C4=CC5=C(C1=CC=C([N]1)C(=C2C=CC(=N2)C(=C3C=CC(=N3)C(=C4[N]5)C1=CC=C(C=C1)[N+](=O)[O-])C1=CC=C(C=C1)C([F])([F])[F])C1=CC=C(C=C1)[N+](=O)[O-])C1=CC=C(C=C1)C([F])([F])[F].[Ni],-3.289041918
C4=CC5=C(C1=CC=C([N]1)C(=C2C=CC(=N2)C(=C3C=CC(=N3)C(=C4[N]5)C1=C(C=CC=C1)[Cl])C1=C(C=CC=C1)[Cl])C1=C(C=CC=C1)[Cl])C1=C(C=CC=C1)[Cl].[Fe],-2.943729252
C4=CC5=C(C1=CC=C([N]1[H])C(=C2C=CC(=N2)C(=C3C=CC(N3[H])=C(C4=[N]5)C1=CC=C(C=C1)OC)C1(=C(C(=C(C(=C1[F])[F])[F])[F])[F]))C1=CC=C(C=C1)OC)C1(=C(C(=C(C(=C1[F])[F])[F])[F])[F]) ,-2.972301222
C4=CC5=C(C1=CC=C([N]1[H])C(=C2C=CC(=N2)C(=C3C=CC(N3[H])=C(C4=[N]5)C1=CC=C(C=C1)C(C)(C)C)C1=CC=C(C=C1)[N](C)C)C1=CC=C(C=C1)C(C)(C)C)C1=CC=C(C=C1)[N](C)C ,-2.291471994
C4=CC5=C(C1=CC=C([N]1)C(=C2C=CC(=N2)C(=C3C=CC(=N3)C(=C4[N]5)C1=CC=C(C=C1)C#C)C1=CC=C(C=C1)[N+](=O)[O-])C1=CC=C(C=C1)C#C)C1=CC=C(C=C1)[N+](=O)[O-].[Mn],-3.131487912
C4=CC5=C(C1=CC=C([N]1)C(=C2C=CC(=N2)C(=C3C=CC(=N3)C(=C4[N]5)C1=C(C=CC(=C1[Cl])[Cl])[Cl])C1=C(C=CC(=C1[Cl])[Cl])[Cl])C1=C(C=CC(=C1[Cl])[Cl])[Cl])C1=C(C=CC(=C1[Cl])[Cl])[Cl].[Co],-2.728759192
C4=CC5=C(C1=CC=C([N]1)C(=C2C=CC(=N2)C(=C3C=CC(=N3)C(=C4[N]5)C1=C(C=CC=C1)[Cl])C1=C(C=CC=C1)[Cl])C1=C(C=CC=C1)[Cl])C1=C(C=CC=C1)[Cl].[Ni],-2.479502768
C4=CC5=C(C1=CC=C([N]1)C(=C2C=CC(=N2)C(=C3C=CC(=N3)C(=C4[N]5)C1=CC=C(C=C1)[Br])C1=CC=C(C=C1)C(C)(C)C)C1=CC=C(C=C1)[Br])C1=CC=C(C=C1)C(C)(C)C.[Cu],-2.601137726
C4=CC5=C(C1=CC=C([N]1)C(=C2C=CC(=N2)C(=C3C=CC(=N3)C(=C4[N]5)C1=CC=C(C=C1)[N](C)C)C1=CC=C(C=C1)[N]([H])[H])C1=CC=C(C=C1)[N](C)C)C1=CC=C(C=C1)[N]([H])[H].[Ni],-2.024800274
C4=CC5=C(C1=CC=C([N]1)C(=C2C=CC(=N2)C(=C3C=CC(=N3)C(=C4[N]5)C1=CC=C(C=C1)[N]([H])[H])C1=CC=C(C=C1)[N+](=O)[O-])C1=CC=C(C=C1)[N]([H])[H])C1=CC=C(C=C1)[N+](=O)[O-].[Fe],-3.186182826
C4=CC5=C(C1=CC=C([N]1)C(=C2C=CC(=N2)C(=C3C=CC(=N3)C(=C4[N]5)C1=CC(=CC=C1)[Cl])C1=CC(=CC=C1)[Cl])C1=CC(=CC=C1)[Cl])C1=CC(=CC=C1)[Cl].[Mn],-2.862367166
C4=CC5=C(C1=CC=C([N]1)C(=C2C=CC(=N2)C(=C3C=CC(=N3)C(=C4[N]5)C1=CC=C(C=C1)C#C)C1=CC=C(C=C1)C(C)(C)C)C1=CC=C(C=C1)C#C)C1=CC=C(C=C1)C(C)(C)C.[Co],-2.482768136
C4=CC5=C(C1=CC=C([N]1)C(=C2C=CC(=N2)C(=C3C=CC(=N3)C(=C4[N]5)C1=CC=C(C=C1)[N]([H])[H])C1=CC=C(C=C1)C([F])([F])[F])C1=CC=C(C=C1)[N]([H])[H])C1=CC=C(C=C1)C([F])([F])[F].[Co],-2.55242932
C4=CC5=C(C1=CC=C([N]1)C(=C2C=CC(=N2)C(=C3C=CC(=N3)C(=C4[N]5)C1=CC=C(C=C1)C)C1=CC=C(C=C1)C)C1=CC=C(C=C1)C)C1=CC=C(C=C1)C.[Ni],-2.321948762
C4=CC5=C(C1=CC=C([N]1)C(=C2C=CC(=N2)C(=C3C=CC(=N3)C(=C4[N]5)C1=CC=C(C=C1)[Br])C1=CC=C(C=C1)C([F])([F])[F])C1=CC=C(C=C1)[Br])C1=CC=C(C=C1)C([F])([F])[F].[Mn],-3.015295234
C4=CC5=C(C1=CC=C([N]1)C(=C2C=CC(=N2)C(=C3C=CC(=N3)C(=C4[N]5)C1=CC=C(C=C1)[N]([H])[H])C1=CC=C(C=C1)C([F])([F])[F])C1=CC=C(C=C1)[N]([H])[H])C1=CC=C(C=C1)C([F])([F])[F].[Fe],-3.027812478
C4=CC5=C(C1=CC=C([N]1)C(=C2C=CC(=N2)C(=C3C=CC(=N3)C(=C4[N]5)C1=CC=C(C=C1)OC)C1(=C(C(=C(C(=C1[F])[F])[F])[F])[F]))C1=CC=C(C=C1)OC)C1(=C(C(=C(C(=C1[F])[F])[F])[F])[F]).[Mn],-2.882775716
C4=CC5=C(C1=CC=C([N]1[H])C(=C2C=CC(=N2)C(=C3C=CC(N3[H])=C(C4=[N]5)C1=CC=C(C=C1)C#[N])C1=CC=C(C=C1)C#C)C1=CC=C(C=C1)C#[N])C1=CC=C(C=C1)C#C ,-3.123596606
C4=CC5=C(C1=CC=C([N]1)C(=C2C=CC(=N2)C(=C3C=CC(=N3)C(=C4[N]5)C1=C(C=CC=C1)C)C1=C(C=CC=C1)C)C1=C(C=CC=C1)C)C1=C(C=CC=C1)C.[Zn],-2.507802624
C4=CC5=C(C1=CC=C([N]1)C(=C2C=CC(=N2)C(=C3C=CC(=N3)C(=C4[N]5)C1=CC=C(C=C1)C(C)(C)C)C1=CC=C(C=C1)OC)C1=CC=C(C=C1)C(C)(C)C)C1=CC=C(C=C1)OC.[Fe],-2.784542562
C4=CC5=C(C1=CC=C([N]1)C(=C2C=CC(=N2)C(=C3C=CC(=N3)C(=C4[N]5)C1=CC=C(C=C1)[Cl])C1=CC=C(C=C1)[Cl])C1=CC=C(C=C1)[Cl])C1=CC=C(C=C1)[Cl].[Fe],-3.215843252
C4=CC5=C(C1=CC=C([N]1)C(=C2C=CC(=N2)C(=C3C=CC(=N3)C(=C4[N]5)C1=CC(=CC=C1)[Cl])C1=CC(=CC=C1)[Cl])C1=CC(=CC=C1)[Cl])C1=CC(=CC=C1)[Cl].[Co],-2.70481316
C4=CC5=C(C1=CC=C([N]1)C(=C2C=CC(=N2)C(=C3C=CC(=N3)C(=C4[N]5)C1=CC=C(C=C1)C#[N])C1=CC=CC(=C1)OC)C1=CC=C(C=C1)C#[N])C1=CC=CC(=C1)OC.[Cu],-2.852843176
C4=CC5=C(C1=CC=C([N]1)C(=C2C=CC(=N2)C(=C3C=CC(=N3)C(=C4[N]5)C1=CC=C(C=C1)C#[N])C1=CC=C(C=C1)[N]([H])[H])C1=CC=C(C=C1)C#[N])C1=CC=C(C=C1)[N]([H])[H].[Cu],-2.77964451
C4=CC5=C(C1=CC=C([N]1)C(=C2C=CC(=N2)C(=C3C=CC(=N3)C(=C4[N]5)C1=CC=C(C=C1)[Br])C1=CC=C(C=C1)[N+](=O)[O-])C1=CC=C(C=C1)[Br])C1=CC=C(C=C1)[N+](=O)[O-].[Fe],-3.509454258
C4=CC5=C(C1=CC=C([N]1)C(=C2C=CC(=N2)C(=C3C=CC(=N3)C(=C4[N]5)C1=CC=C(C=C1)C#C)C1=CC=C(C=C1)[Br])C1=CC=C(C=C1)C#C)C1=CC=C(C=C1)[Br].[Cu],-2.762773442
C4=CC5=C(C1=CC=C([N]1)C(=C2C=CC(=N2)C(=C3C=CC(=N3)C(=C4[N]5)C1=CC=C(C=C1)C#[N])C1=CC=C(C=C1)[N]([H])[H])C1=CC=C(C=C1)C#[N])C1=CC=C(C=C1)[N]([H])[H].[Ni],-2.742364892
C4=CC5=C(C1=CC=C([N]1)C(=C2C=CC(=N2)C(=C3C=CC(=N3)C(=C4[N]5)C1=CC=C(C=C1)[N]([H])[H])C1(=C(C(=C(C(=C1[F])[F])[F])[F])[F]))C1=CC=C(C=C1)[N]([H])[H])C1(=C(C(=C(C(=C1[F])[F])[F])[F])[F]).[Ni],-2.752705224
C4=CC5=C(C1=CC=C([N]1)C(=C2C=CC(=N2)C(=C3C=CC(=N3)C(=C4[N]5)C1=CC=C(C=C1)[Br])C1=CC=C(C=C1)C([F])([F])[F])C1=CC=C(C=C1)[Br])C1=CC=C(C=C1)C([F])([F])[F].[Cu],-2.93474949
C4=CC5=C(C1=CC=C([N]1)C(=C2C=CC(=N2)C(=C3C=CC(=N3)C(=C4[N]5)C1=CC=C(C=C1)C#[N])C1=CC=C(C=C1)C(C)(C)C)C1=CC=C(C=C1)C#[N])C1=CC=C(C=C1)C(C)(C)C.[Co],-2.803862656
C4=CC5=C(C1=CC=C([N]1)C(=C2C=CC(=N2)C(=C3C=CC(=N3)C(=C4[N]5)C1=CC=C(C=C1)[N](C)C)C1=CC=C(C=C1)OC)C1=CC=C(C=C1)[N](C)C)C1=CC=C(C=C1)OC.[Cu],-2.180449482
C4=CC5=C(C1=CC=C([N]1)C(=C2C=CC(=N2)C(=C3C=CC(=N3)C(=C4[N]5)C1=CC=C(C=C1)OC)C1=CC=C(C=C1)OC)C1=CC=C(C=C1)OC)C1=CC=C(C=C1)OC.[Mn],-2.56739559
C4=CC5=C(C1=CC=C([N]1)C(=C2C=CC(=N2)C(=C3C=CC(=N3)C(=C4[N]5)C1=CC=C(C=C1)[Br])C1=CC=C(C=C1)C(C)(C)C)C1=CC=C(C=C1)[Br])C1=CC=C(C=C1)C(C)(C)C.[Fe],-3.02998939
C4=CC5=C(C1=CC=C([N]1)C(=C2C=CC(=N2)C(=C3C=CC(=N3)C(=C4[N]5)C1=C(C=CC(=C1[Cl])[Cl])[Cl])C1=C(C=CC(=C1[Cl])[Cl])[Cl])C1=C(C=CC(=C1[Cl])[Cl])[Cl])C1=C(C=CC(=C1[Cl])[Cl])[Cl].[Fe],-3.177203064
C4=CC5=C(C1=CC=C([N]1)C(=C2C=CC(=N2)C(=C3C=CC(=N3)C(=C4[N]5)C1=C(C=CC(=C1[Cl])[Cl])[Cl])C1=C(C=CC(=C1[Cl])[Cl])[Cl])C1=C(C=CC(=C1[Cl])[Cl])[Cl])C1=C(C=CC(=C1[Cl])[Cl])[Cl].[Cu],-2.803590542
C4=CC5=C(C1=CC=C([N]1)C(=C2C=CC(=N2)C(=C3C=CC(=N3)C(=C4[N]5)C1=C(C=CC=C1)[N+](=O)[O-])C1=C(C=CC=C1)[N+](=O)[O-])C1=C(C=CC=C1)[N+](=O)[O-])C1=C(C=CC=C1)[N+](=O)[O-].[Co],-2.750528312
C4=CC5=C(C1=CC=C([N]1)C(=C2C=CC(=N2)C(=C3C=CC(=N3)C(=C4[N]5)C1=CC=CC=C1C#[N])C1=CC=CC=C1C#[N])C1=CC=CC=C1C#[N])C1=CC=CC=C1C#[N].[Co],-2.747262944
C4=CC5=C(C1=CC=C([N]1)C(=C2C=CC(=N2)C(=C3C=CC(=N3)C(=C4[N]5)C1=CC=C(C=C1)C#[N])C1(=C(C(=C(C(=C1[F])[F])[F])[F])[F]))C1=CC=C(C=C1)C#[N])C1(=C(C(=C(C(=C1[F])[F])[F])[F])[F]).[Cu],-3.359791558
C4=CC5=C(C1=CC=C([N]1)C(=C2C=CC(=N2)C(=C3C=CC(=N3)C(=C4[N]5)C1=CC=C(C=C1)[Br])C1=CC=C(C=C1)[N](C)C)C1=CC=C(C=C1)[Br])C1=CC=C(C=C1)[N](C)C.[Cu],-2.435692414
C4=CC5=C(C1=CC=C([N]1)C(=C2C=CC(=N2)C(=C3C=CC(=N3)C(=C4[N]5)C1=CC=C(C=C1)C(C)(C)C)C1=CC=C(C=C1)[N](C)C)C1=CC=C(C=C1)C(C)(C)C)C1=CC=C(C=C1)[N](C)C.[Mn],-2.321404534
C4=CC5=C(C1=CC=C([N]1)C(=C2C=CC(=N2)C(=C3C=CC(=N3)C(=C4[N]5)C1=CC(=CC=C1)[Cl])C1=CC(=CC=C1)[Cl])C1=CC(=CC=C1)[Cl])C1=CC(=CC=C1)[Cl].[Cu],-2.773113774
C4=CC5=C(C1=CC=C([N]1)C(=C2C=CC(=N2)C(=C3C=CC(=N3)C(=C4[N]5)C1=CC=C(C=C1)OC)C1=CC=C(C=C1)C([F])([F])[F])C1=CC=C(C=C1)OC)C1=CC=C(C=C1)C([F])([F])[F].[Co],-2.632430836
C4=CC5=C(C1=CC=C([N]1)C(=C2C=CC(=N2)C(=C3C=CC(=N3)C(=C4[N]5)C1=CC=C(C=C1)[Cl])C1=CC=C(C=C1)[Cl])C1=CC=C(C=C1)[Cl])C1=CC=C(C=C1)[Cl].[Cu],-2.7891685
C4=CC5=C(C1=CC=C([N]1)C(=C2C=CC(=N2)C(=C3C=CC(=N3)C(=C4[N]5)C1=CC=C(C=C1)[N](C)C)C1=CC=CC(=C1)OC)C1=CC=C(C=C1)[N](C)C)C1=CC=CC(=C1)OC.[Co],-2.154326538
C4=CC5=C(C1=CC=C([N]1)C(=C2C=CC(=N2)C(=C3C=CC(=N3)C(=C4[N]5)C1=CC=C(C=C1)C#C)C1(=C(C(=C(C(=C1[F])[F])[F])[F])[F]))C1=CC=C(C=C1)C#C)C1(=C(C(=C(C(=C1[F])[F])[F])[F])[F]).[Fe],-3.375846284
C4=CC5=C(C1=CC=C([N]1)C(=C2C=CC(=N2)C(=C3C=CC(=N3)C(=C4[N]5)C1=CC=C(C=C1)C#C)C1=CC=C(C=C1)[N](C)C)C1=CC=C(C=C1)C#C)C1=CC=C(C=C1)[N](C)C.[Cu],-2.393514744
C4=CC5=C(C1=CC=C([N]1)C(=C2C=CC(=N2)C(=C3C=CC(=N3)C(=C4[N]5)C1=CC=C(C=C1)[N](C)C)C1=CC=C(C=C1)C([F])([F])[F])C1=CC=C(C=C1)[N](C)C)C1=CC=C(C=C1)C([F])([F])[F].[Ni],-2.509707422
C4=CC5=C(C1=CC=C([N]1)C(=C2C=CC(=N2)C(=C3C=CC(=N3)C(=C4[N]5)C1=CC=C(C=C1)C(C)(C)C)C1=CC=C(C=C1)[N+](=O)[O-])C1=CC=C(C=C1)C(C)(C)C)C1=CC=C(C=C1)[N+](=O)[O-].[Mn],-3.003866446
C4=CC5=C(C1=CC=C([N]1)C(=C2C=CC(=N2)C(=C3C=CC(=N3)C(=C4[N]5)C1=CC=C(C=C1)[Br])C1=CC=C(C=C1)C([F])([F])[F])C1=CC=C(C=C1)[Br])C1=CC=C(C=C1)C([F])([F])[F].[Fe],-3.338022438
C4=CC5=C(C1=CC=C([N]1)C(=C2C=CC(=N2)C(=C3C=CC(=N3)C(=C4[N]5)C1=CC=C(C=C1)[F])C1=CC=C(C=C1)[F])C1=CC=C(C=C1)[F])C1=CC=C(C=C1)[F].[Mn],-2.82318275
C4=CC5=C(C1=CC=C([N]1)C(=C2C=CC(=N2)C(=C3C=CC(=N3)C(=C4[N]5)C1=CC=C(C=C1)C(C)(C)C)C1(=C(C(=C(C(=C1[F])[F])[F])[F])[F]))C1=CC=C(C=C1)C(C)(C)C)C1(=C(C(=C(C(=C1[F])[F])[F])[F])[F]).[Ni],-2.854747974
C4=CC5=C(C1=CC=C([N]1)C(=C2C=CC(=N2)C(=C3C=CC(=N3)C(=C4[N]5)C1=CC=C(C=C1)C(C)(C)C)C1=CC=C(C=C1)OC)C1=CC=C(C=C1)C(C)(C)C)C1=CC=C(C=C1)OC.[Cu],-2.34154097
C4=CC5=C(C1=CC=C([N]1)C(=C2C=CC(=N2)C(=C3C=CC(=N3)C(=C4[N]5)C1=CC=C(C=C1)C#C)C1=CC=C(C=C1)[N+](=O)[O-])C1=CC=C(C=C1)C#C)C1=CC=C(C=C1)[N+](=O)[O-].[Cu],-3.176386722
C4=CC5=C(C1=CC=C([N]1)C(=C2C=CC(=N2)C(=C3C=CC(=N3)C(=C4[N]5)C1=CC=C(C=C1)C#C)C1=CC=C(C=C1)[N]([H])[H])C1=CC=C(C=C1)C#C)C1=CC=C(C=C1)[N]([H])[H].[Fe],-2.888762224
C4=CC5=C(C1=CC=C([N]1)C(=C2C=CC(=N2)C(=C3C=CC(=N3)C(=C4[N]5)C1=CC=C(C=C1)C#C)C1=CC=C(C=C1)[N](C)C)C1=CC=C(C=C1)C#C)C1=CC=C(C=C1)[N](C)C.[Co],-2.334193892
C4=CC5=C(C1=CC=C([N]1)C(=C2C=CC(=N2)C(=C3C=CC(=N3)C(=C4[N]5)C1=CC(=CC=C1)[Cl])C1=CC(=CC=C1)[Cl])C1=CC(=CC=C1)[Cl])C1=CC(=CC=C1)[Cl].[Fe],-3.198427956
C4=CC5=C(C1=CC=C([N]1)C(=C2C=CC(=N2)C(=C3C=CC(=N3)C(=C4[N]5)C1(=C(C(=C(C(=C1[F])[F])[F])[F])[F]))C1=CC=C(C=C1)C([F])([F])[F])C1(=C(C(=C(C(=C1[F])[F])[F])[F])[F]))C1=CC=C(C=C1)C([F])([F])[F].[Cu],-3.230265294
C4=CC5=C(C1=CC=C([N]1)C(=C2C=CC(=N2)C(=C3C=CC(=N3)C(=C4[N]5)C1=CC=C(C=C1)C#[N])C1=CC=C(C=C1)C([F])([F])[F])C1=CC=C(C=C1)C#[N])C1=CC=C(C=C1)C([F])([F])[F].[Fe],-3.566326084
C4=CC5=C(C1=CC=C([N]1)C(=C2C=CC(=N2)C(=C3C=CC(=N3)C(=C4[N]5)C1=CC=C(C=C1)OC)C1=CC=C(C=C1)[N+](=O)[O-])C1=CC=C(C=C1)OC)C1=CC=C(C=C1)[N+](=O)[O-].[Ni],-3.038424924
C4=CC5=C(C1=CC=C([N]1[H])C(=C2C=CC(=N2)C(=C3C=CC(N3[H])=C(C4=[N]5)C1=CC=C(C=C1)C#[N])C1=CC=C(C=C1)[N](C)C)C1=CC=C(C=C1)C#[N])C1=CC=C(C=C1)[N](C)C ,-2.78780793
C4=CC5=C(C1=CC=C([N]1)C(=C2C=CC(=N2)C(=C3C=CC(=N3)C(=C4[N]5)C1=CC=C(C=C1)[N](C)C)C1=CC=C(C=C1)OC)C1=CC=C(C=C1)[N](C)C)C1=CC=C(C=C1)OC.[Mn],-2.30344501
C4=CC5=C(C1=CC=C([N]1)C(=C2C=CC(=N2)C(=C3C=CC(=N3)C(=C4[N]5)C1=CC=C(C=C1)C(C)(C)C)C1=CC=C(C=C1)C([F])([F])[F])C1=CC=C(C=C1)C(C)(C)C)C1=CC=C(C=C1)C([F])([F])[F].[Cu],-2.717874632
C4=CC5=C(C1=CC=C([N]1[H])C(=C2C=CC(=N2)C(=C3C=CC(N3[H])=C(C4=[N]5)C1=CC=C(C=C1)C#C)C1=CC=C(C=C1)C([F])([F])[F])C1=CC=C(C=C1)C#C)C1=CC=C(C=C1)C([F])([F])[F] ,-2.960056092
C4=CC5=C(C1=CC=C([N]1)C(=C2C=CC(=N2)C(=C3C=CC(=N3)C(=C4[N]5)C1=CC=C(C=C1)OC)C1=CC=C(C=C1)[N+](=O)[O-])C1=CC=C(C=C1)OC)C1=CC=C(C=C1)[N+](=O)[O-].[Mn],-3.207407718
C4=CC5=C(C1=CC=C([N]1)C(=C2C=CC(=N2)C(=C3C=CC(=N3)C(=C4[N]5)C1=CC=C(C=C1)C#[N])C1=CC=C(C=C1)OC)C1=CC=C(C=C1)C#[N])C1=CC=C(C=C1)OC.[Cu],-2.875972866
C4=CC5=C(C1=CC=C([N]1[H])C(=C2C=CC(=N2)C(=C3C=CC(N3[H])=C(C4=[N]5)C1=CC=C(C=C1)C#C)C1=CC=C(C=C1)[Br])C1=CC=C(C=C1)C#C)C1=CC=C(C=C1)[Br] ,-2.852026834
C4=CC5=C(C1=CC=C([N]1)C(=C2C=CC(=N2)C(=C3C=CC(=N3)C(=C4[N]5)C1=C(C=CC=C1Cl)[Cl])C1=C(C=CC=C1Cl)[Cl])C1=C(C=CC=C1Cl)[Cl])C1=C(C=CC=C1Cl)[Cl].[Mn],-2.64222694
C4=CC5=C(C1=CC=C([N]1)C(=C2C=CC(=N2)C(=C3C=CC(=N3)C(=C4[N]5)C1=CC=C(C=C1)[Br])C1(=C(C(=C(C(=C1[F])[F])[F])[F])[F]))C1=CC=C(C=C1)[Br])C1(=C(C(=C(C(=C1[F])[F])[F])[F])[F]).[Fe],-3.43543925
C4=CC5=C(C1=CC=C([N]1[H])C(=C2C=CC(=N2)C(=C3C=CC(N3[H])=C(C4=[N]5)C1=CC=C(C=C1)[N](C)C)C1(=C(C(=C(C(=C1[F])[F])[F])[F])[F]))C1=CC=C(C=C1)[N](C)C)C1(=C(C(=C(C(=C1[F])[F])[F])[F])[F]) ,-2.814202988
C4=CC5=C(C1=CC=C([N]1)C(=C2C=CC(=N2)C(=C3C=CC(=N3)C(=C4[N]5)C1=C(C=CC=C1Cl)[Cl])C1=C(C=CC=C1Cl)[Cl])C1=C(C=CC=C1Cl)[Cl])C1=C(C=CC=C1Cl)[Cl].[Co],-2.518959298
C4=CC5=C(C1=CC=C([N]1)C(=C2C=CC(=N2)C(=C3C=CC(=N3)C(=C4[N]5)C1=CC=C(C=C1)C#[N])C1=CC=C(C=C1)C#C)C1=CC=C(C=C1)C#[N])C1=CC=C(C=C1)C#C.[Mn],-3.092303496
C4=CC5=C(C1=CC=C([N]1)C(=C2C=CC(=N2)C(=C3C=CC(=N3)C(=C4[N]5)C1=CC=C(C=C1)C#C)C1=CC=C(C=C1)[Br])C1=CC=C(C=C1)C#C)C1=CC=C(C=C1)[Br].[Ni],-2.717874632
C4=CC5=C(C1=CC=C([N]1[H])C(=C2C=CC(=N2)C(=C3C=CC(N3[H])=C(C4=[N]5)C1=CC=C(C=C1)C#[N])C1(=C(C(=C(C(=C1[F])[F])[F])[F])[F]))C1=CC=C(C=C1)C#[N])C1(=C(C(=C(C(=C1[F])[F])[F])[F])[F]) ,-3.43816039
C4=CC5=C(C1=CC=C([N]1)C(=C2C=CC(=N2)C(=C3C=CC(=N3)C(=C4[N]5)C1=C(C=CC=C1)C)C1=C(C=CC=C1)C)C1=C(C=CC=C1)C)C1=C(C=CC=C1)C.[Co],-2.41773289
C4=CC5=C(C1=CC=C([N]1)C(=C2C=CC(=N2)C(=C3C=CC(=N3)C(=C4[N]5)C1(=C(C(=C(C(=C1[F])[F])[F])[F])[F]))C1=CC=C(C=C1)[N+](=O)[O-])C1(=C(C(=C(C(=C1[F])[F])[F])[F])[F]))C1=CC=C(C=C1)[N+](=O)[O-].[Cu],-3.389724098
C4=CC5=C(C1=CC=C([N]1)C(=C2C=CC(=N2)C(=C3C=CC(=N3)C(=C4[N]5)C1=CC=C(C=C1)[N](C)C)C1(=C(C(=C(C(=C1[F])[F])[F])[F])[F]))C1=CC=C(C=C1)[N](C)C)C1(=C(C(=C(C(=C1[F])[F])[F])[F])[F]).[Mn],-2.725493824
C4=CC5=C(C1=CC=C([N]1)C(=C2C=CC(=N2)C(=C3C=CC(=N3)C(=C4[N]5)C1=CC=CC=C1)C1=CC=CC=C1)C1=CC=CC=C1)C1=CC=CC=C1.[Co],-2.396235884
C4=CC5=C(C1=CC=C([N]1)C(=C2C=CC(=N2)C(=C3C=CC(=N3)C(=C4[N]5)C1=CC=C(C=C1)OC)C1=CC=C(C=C1)[N]([H])[H])C1=CC=C(C=C1)OC)C1=CC=C(C=C1)[N]([H])[H].[Fe],-2.691479574
C4=CC5=C(C1=CC=C([N]1)C(=C2C=CC(=N2)C(=C3C=CC(=N3)C(=C4[N]5)C1(=C(C(=C(C(=C1[F])[F])[F])[F])[F]))C1=CC=C(C=C1)[N+](=O)[O-])C1(=C(C(=C(C(=C1[F])[F])[F])[F])[F]))C1=CC=C(C=C1)[N+](=O)[O-].[Co],-3.320879256
C4=CC5=C(C1=CC=C([N]1)C(=C2C=CC(=N2)C(=C3C=CC(=N3)C(=C4[N]5)C1=CC=C(C=C1)[Br])C1=CC=C(C=C1)OC)C1=CC=C(C=C1)[Br])C1=CC=C(C=C1)OC.[Fe],-2.998968394
C4=CC5=C(C1=CC=C([N]1)C(=C2C=CC(=N2)C(=C3C=CC(=N3)C(=C4[N]5)C1=CC=C(C=C1)C#C)C1=CC=C(C=C1)OC)C1=CC=C(C=C1)C#C)C1=CC=C(C=C1)OC.[Co],-2.465897068
C4=CC5=C(C1=CC=C([N]1)C(=C2C=CC(=N2)C(=C3C=CC(=N3)C(=C4[N]5)C1=CC=C(C=C1)[Br])C1=CC=C(C=C1)[N+](=O)[O-])C1=CC=C(C=C1)[Br])C1=CC=C(C=C1)[N+](=O)[O-].[Co],-3.178563634
C4=CC5=C(C1=CC=C([N]1)C(=C2C=CC(=N2)C(=C3C=CC(=N3)C(=C4[N]5)C1(=C(C(=C(C(=C1[F])[F])[F])[F])[F]))C1=CC=C(C=C1)C([F])([F])[F])C1(=C(C(=C(C(=C1[F])[F])[F])[F])[F]))C1=CC=C(C=C1)C([F])([F])[F].[Co],-3.15788297
C4=CC5=C(C1=CC=C([N]1)C(=C2C=CC(=N2)C(=C3C=CC(=N3)C(=C4[N]5)C1=CC=C(C=C1)C#[N])C1=CC=C(C=C1)[N]([H])[H])C1=CC=C(C=C1)C#[N])C1=CC=C(C=C1)[N]([H])[H].[Fe],-3.154889716
C4=CC5=C(C1=CC=C([N]1)C(=C2C=CC(=N2)C(=C3C=CC(=N3)C(=C4[N]5)C1=CC=CC=C1)C1=CC=CC=C1)C1=CC=CC=C1)C1=CC=CC=C1.[Zn],-2.499094976
C4=CC5=C(C1=CC=C([N]1)C(=C2C=CC(=N2)C(=C3C=CC(=N3)C(=C4[N]5)C1=CC=C(C=C1)[Br])C1=CC=C(C=C1)OC)C1=CC=C(C=C1)[Br])C1=CC=C(C=C1)OC.[Cu],-2.57964072
C4=CC5=C(C1=CC=C([N]1[H])C(=C2C=CC(=N2)C(=C3C=CC(N3[H])=C(C4=[N]5)C1=CC=C(C=C1)[Br])C1=CC=C(C=C1)C([F])([F])[F])C1=CC=C(C=C1)[Br])C1=CC=C(C=C1)C([F])([F])[F] ,-3.016927918
C4=CC5=C(C1=CC=C([N]1[H])C(=C2C=CC(=N2)C(=C3C=CC(N3[H])=C(C4=[N]5)C1=CC=C(C=C1)C#C)C1=CC=C(C=C1)[N]([H])[H])C1=CC=C(C=C1)C#C)C1=CC=C(C=C1)[N]([H])[H] ,-2.533109226
C4=CC5=C(C1=CC=C([N]1)C(=C2C=CC(=N2)C(=C3C=CC(=N3)C(=C4[N]5)C1=CC=C(C=C1)[N](C)C)C1=CC=CC(=C1)OC)C1=CC=C(C=C1)[N](C)C)C1=CC=CC(=C1)OC.[Cu],-2.244668386
C4=CC5=C(C1=CC=C([N]1)C(=C2C=CC(=N2)C(=C3C=CC(=N3)C(=C4[N]5)C1=CC=C(C=C1)OC)C1=CC=C(C=C1)[N]([H])[H])C1=CC=C(C=C1)OC)C1=CC=C(C=C1)[N]([H])[H].[Cu],-2.234328054
C4=CC5=C(C1=CC=C([N]1)C(=C2C=CC(=N2)C(=C3C=CC(=N3)C(=C4[N]5)C1=CC=C(C=C1)C#[N])C1=CC=C(C=C1)[N](C)C)C1=CC=C(C=C1)C#[N])C1=CC=C(C=C1)[N](C)C.[Ni],-2.684676724
C4=CC5=C(C1=CC=C([N]1)C(=C2C=CC(=N2)C(=C3C=CC(=N3)C(=C4[N]5)C1=CC=CC(=C1)C#[N])C1=CC=CC(=C1)C#[N])C1=CC=CC(=C1)C#[N])C1=CC=CC(=C1)C#[N].[Co],-3.135297508
C4=CC5=C(C1=CC=C([N]1)C(=C2C=CC(=N2)C(=C3C=CC(=N3)C(=C4[N]5)C1=CC=C(C=C1)C#C)C1=CC=C(C=C1)C([F])([F])[F])C1=CC=C(C=C1)C#C)C1=CC=C(C=C1)C([F])([F])[F].[Cu],-2.869714244
C4=CC5=C(C1=CC=C([N]1[H])C(=C2C=CC(=N2)C(=C3C=CC(N3[H])=C(C4=[N]5)C1(=C(C(=C(C(=C1[F])[F])[F])[F])[F]))C1=CC=C(C=C1)[N+](=O)[O-])C1(=C(C(=C(C(=C1[F])[F])[F])[F])[F]))C1=CC=C(C=C1)[N+](=O)[O-] ,-3.490406278
C4=CC5=C(C1=CC=C([N]1[H])C(=C2C=CC(=N2)C(=C3C=CC(N3[H])=C(C4=[N]5)C1(=C(C(=C(C(=C1[F])[F])[F])[F])[F]))C1=CC=C(C=C1)C([F])([F])[F])C1(=C(C(=C(C(=C1[F])[F])[F])[F])[F]))C1=CC=C(C=C1)C([F])([F])[F] ,-3.31026681
C4=CC5=C(C1=CC=C([N]1[H])C(=C2C=CC(=N2)C(=C3C=CC(N3[H])=C(C4=[N]5)C1=CC=C(C=C1)[N]([H])[H])C1=CC=C(C=C1)C([F])([F])[F])C1=CC=C(C=C1)[N]([H])[H])C1=CC=C(C=C1)C([F])([F])[F] ,-2.702636248
C4=CC5=C(C1=CC=C([N]1)C(=C2C=CC(=N2)C(=C3C=CC(=N3)C(=C4[N]5)C1=CC=C(C=C1)[N+](=O)[O-])C1=CC=CC(=C1)OC)C1=CC=C(C=C1)[N+](=O)[O-])C1=CC=CC(=C1)OC.[Co],-3.031077846
C4=CC5=C(C1=CC=C([N]1)C(=C2C=CC(=N2)C(=C3C=CC(=N3)C(=C4[N]5)C1=CC=C(C=C1)C(C)(C)C)C1=CC=C(C=C1)OC)C1=CC=C(C=C1)C(C)(C)C)C1=CC=C(C=C1)OC.[Co],-2.271607672
C4=CC5=C(C1=CC=C([N]1)C(=C2C=CC(=N2)C(=C3C=CC(=N3)C(=C4[N]5)C1=CC=C(C=C1)C#C)C1=CC=C(C=C1)OC)C1=CC=C(C=C1)C#C)C1=CC=C(C=C1)OC.[Mn],-2.775018572
C4=CC5=C(C1=CC=C([N]1)C(=C2C=CC(=N2)C(=C3C=CC(=N3)C(=C4[N]5)C1=C(C=CC(=C1[Cl])[Cl])[Cl])C1=C(C=CC(=C1[Cl])[Cl])[Cl])C1=C(C=CC(=C1[Cl])[Cl])[Cl])C1=C(C=CC(=C1[Cl])[Cl])[Cl].[Ni],-2.743997576
C4=CC5=C(C1=CC=C([N]1)C(=C2C=CC(=N2)C(=C3C=CC(=N3)C(=C4[N]5)C1=CC=C(C=C1)[Cl])C1=CC=C(C=C1)[Cl])C1=CC=C(C=C1)[Cl])C1=CC=C(C=C1)[Cl].[Zn],-2.8163799
C4=CC5=C(C1=CC=C([N]1)C(=C2C=CC(=N2)C(=C3C=CC(=N3)C(=C4[N]5)C1=CC=C(C=C1)[N](C)C)C1(=C(C(=C(C(=C1[F])[F])[F])[F])[F]))C1=CC=C(C=C1)[N](C)C)C1(=C(C(=C(C(=C1[F])[F])[F])[F])[F]).[Fe],-3.046588344
C4=CC5=C(C1=CC=C([N]1)C(=C2C=CC(=N2)C(=C3C=CC(=N3)C(=C4[N]5)C1(=C(C(=C(C(=C1[F])[F])[F])[F])[F]))C1=CC=CC(=C1)OC)C1(=C(C(=C(C(=C1[F])[F])[F])[F])[F]))C1=CC=CC(=C1)OC.[Co],-2.852026834
C4=CC5=C(C1=CC=C([N]1)C(=C2C=CC(=N2)C(=C3C=CC(=N3)C(=C4[N]5)C1=CC=C(C=C1)C([F])([F])[F])C1=CC=CC(=C1)OC)C1=CC=C(C=C1)C([F])([F])[F])C1=CC=CC(=C1)OC.[Ni],-2.6395058
