smiles,HOMO,LUMO,E_gap
C4=CC5=C(C1=CC=C([N]1)C(=C2C=CC(=N2)C(=C3C=CC(=N3)C(=C4[N]5)C1=CC=C(C=C1)C#[N])C1=CC=C(C=C1)C#C)C1=CC=C(C=C1)C#[N])C1=CC=C(C=C1)C#C.[Cu],-5.815620408,-3.031894188,2.78372622
C4=CC5=C(C1=CC=C([N]1)C(=C2C=CC(=N2)C(=C3C=CC(=N3)C(=C4[N]5)C1=CC=C(C=C1)C#[N])C1=CC=C(C=C1)[Br])C1=CC=C(C=C1)C#[N])C1=CC=C(C=C1)[Br].[Cu],-5.886642162,-3.084140076,2.802502086
C4=CC5=C(C1=CC=C([N]1)C(=C2C=CC(=N2)C(=C3C=CC(=N3)C(=C4[N]5)C1=CC=C(C=C1)C#[N])C1=CC=C(C=C1)C(C)(C)C)C1=CC=C(C=C1)C#[N])C1=CC=C(C=C1)C(C)(C)C.[Cu],-5.613167592,-2.895565074,2.717602518
C4=CC5=C(C1=CC=C([N]1)C(=C2C=CC(=N2)C(=C3C=CC(=N3)C(=C4[N]5)C1=CC=C(C=C1)C#[N])C1=CC=C(C=C1)[N](C)C)C1=CC=C(C=C1)C#[N])C1=CC=C(C=C1)[N](C)C.[Cu],-5.273297206,-2.717330404,2.555966802
C4=CC5=C(C1=CC=C([N]1)C(=C2C=CC(=N2)C(=C3C=CC(=N3)C(=C4[N]5)C1=CC=C(C=C1)C#[N])C1=CC=C(C=C1)OC)C1=CC=C(C=C1)C#[N])C1=CC=C(C=C1)OC.[Cu],-5.550853486,-2.875972866,2.67488062
C4=CC5=C(C1=CC=C([N]1)C(=C2C=CC(=N2)C(=C3C=CC(=N3)C(=C4[N]5)C1=CC=C(C=C1)C#[N])C1=CC=C(C=C1)[N]([H])[H])C1=CC=C(C=C1)C#[N])C1=CC=C(C=C1)[N]([H])[H].[Cu],-5.439014632,-2.77964451,2.659370122
C4=CC5=C(C1=CC=C([N]1)C(=C2C=CC(=N2)C(=C3C=CC(=N3)C(=C4[N]5)C1=CC=C(C=C1)C#[N])C1(=C(C(=C(C(=C1[F])[F])[F])[F])[F]))C1=CC=C(C=C1)C#[N])C1(=C(C(=C(C(=C1[F])[F])[F])[F])[F]).[Cu],-6.179436826,-3.359791558,2.819645268
C4=CC5=C(C1=CC=C([N]1)C(=C2C=CC(=N2)C(=C3C=CC(=N3)C(=C4[N]5)C1=CC=C(C=C1)C#[N])C1=CC=C(C=C1)[N+](=O)[O-])C1=CC=C(C=C1)C#[N])C1=CC=C(C=C1)[N+](=O)[O-].[Cu],-6.182702194,-3.416663384,2.76603881
C4=CC5=C(C1=CC=C([N]1)C(=C2C=CC(=N2)C(=C3C=CC(=N3)C(=C4[N]5)C1=CC=C(C=C1)C#[N])C1=CC=C(C=C1)C([F])([F])[F])C1=CC=C(C=C1)C#[N])C1=CC=C(C=C1)C([F])([F])[F].[Cu],-6.009093462,-3.177747292,2.83134617
C4=CC5=C(C1=CC=C([N]1)C(=C2C=CC(=N2)C(=C3C=CC(=N3)C(=C4[N]5)C1=CC=C(C=C1)C#C)C1=CC=C(C=C1)[Br])C1=CC=C(C=C1)C#C)C1=CC=C(C=C1)[Br].[Cu],-5.562282274,-2.762773442,2.799508832
C4=CC5=C(C1=CC=C([N]1)C(=C2C=CC(=N2)C(=C3C=CC(=N3)C(=C4[N]5)C1=CC=C(C=C1)C#C)C1=CC=C(C=C1)C(C)(C)C)C1=CC=C(C=C1)C#C)C1=CC=C(C=C1)C(C)(C)C.[Cu],-5.327720006,-2.54970818,2.778011826
C4=CC5=C(C1=CC=C([N]1)C(=C2C=CC(=N2)C(=C3C=CC(=N3)C(=C4[N]5)C1=CC=C(C=C1)C#C)C1=CC=C(C=C1)[N](C)C)C1=CC=C(C=C1)C#C)C1=CC=C(C=C1)[N](C)C.[Cu],-5.047986814,-2.393514744,2.65447207
C4=CC5=C(C1=CC=C([N]1)C(=C2C=CC(=N2)C(=C3C=CC(=N3)C(=C4[N]5)C1=CC=C(C=C1)C#C)C1=CC=C(C=C1)OC)C1=CC=C(C=C1)C#C)C1=CC=C(C=C1)OC.[Cu],-5.286630792,-2.53882362,2.747807172
C4=CC5=C(C1=CC=C([N]1)C(=C2C=CC(=N2)C(=C3C=CC(=N3)C(=C4[N]5)C1=CC=C(C=C1)C#C)C1=CC=C(C=C1)[N]([H])[H])C1=CC=C(C=C1)C#C)C1=CC=C(C=C1)[N]([H])[H].[Cu],-5.184043814,-2.456645192,2.727398622
C4=CC5=C(C1=CC=C([N]1)C(=C2C=CC(=N2)C(=C3C=CC(=N3)C(=C4[N]5)C1=CC=C(C=C1)C#C)C1(=C(C(=C(C(=C1[F])[F])[F])[F])[F]))C1=CC=C(C=C1)C#C)C1(=C(C(=C(C(=C1[F])[F])[F])[F])[F]).[Cu],-5.882288338,-3.057472904,2.824815434
C4=CC5=C(C1=CC=C([N]1)C(=C2C=CC(=N2)C(=C3C=CC(=N3)C(=C4[N]5)C1=CC=C(C=C1)C#C)C1=CC=C(C=C1)[N+](=O)[O-])C1=CC=C(C=C1)C#C)C1=CC=C(C=C1)[N+](=O)[O-].[Cu],-5.85997499,-3.176386722,2.683588268
C4=CC5=C(C1=CC=C([N]1)C(=C2C=CC(=N2)C(=C3C=CC(=N3)C(=C4[N]5)C1=CC=C(C=C1)C#C)C1=CC=C(C=C1)C([F])([F])[F])C1=CC=C(C=C1)C#C)C1=CC=C(C=C1)C([F])([F])[F].[Cu],-5.683917232,-2.869714244,2.814202988
C4=CC5=C(C1=CC=C([N]1)C(=C2C=CC(=N2)C(=C3C=CC(=N3)C(=C4[N]5)C1=CC=C(C=C1)[Br])C1=CC=C(C=C1)C(C)(C)C)C1=CC=C(C=C1)[Br])C1=CC=C(C=C1)C(C)(C)C.[Cu],-5.406088838,-2.601137726,2.804951112
C4=CC5=C(C1=CC=C([N]1)C(=C2C=CC(=N2)C(=C3C=CC(=N3)C(=C4[N]5)C1=CC=C(C=C1)[Br])C1=CC=C(C=C1)[N](C)C)C1=CC=C(C=C1)[Br])C1=CC=C(C=C1)[N](C)C.[Cu],-5.061864628,-2.435692414,2.626172214
C4=CC5=C(C1=CC=C([N]1)C(=C2C=CC(=N2)C(=C3C=CC(=N3)C(=C4[N]5)C1=CC=C(C=C1)[Br])C1=CC=C(C=C1)OC)C1=CC=C(C=C1)[Br])C1=CC=C(C=C1)OC.[Cu],-5.340781478,-2.57964072,2.761140758
C4=CC5=C(C1=CC=C([N]1)C(=C2C=CC(=N2)C(=C3C=CC(=N3)C(=C4[N]5)C1=CC=C(C=C1)[Br])C1=CC=C(C=C1)[N]([H])[H])C1=CC=C(C=C1)[Br])C1=CC=C(C=C1)[N]([H])[H].[Cu],-5.214520582,-2.501271888,2.713248694
C4=CC5=C(C1=CC=C([N]1)C(=C2C=CC(=N2)C(=C3C=CC(=N3)C(=C4[N]5)C1=CC=C(C=C1)[Br])C1(=C(C(=C(C(=C1[F])[F])[F])[F])[F]))C1=CC=C(C=C1)[Br])C1(=C(C(=C(C(=C1[F])[F])[F])[F])[F]).[Cu],-5.959568714,-3.126861974,2.83270674
C4=CC5=C(C1=CC=C([N]1)C(=C2C=CC(=N2)C(=C3C=CC(=N3)C(=C4[N]5)C1=CC=C(C=C1)[Br])C1=CC=C(C=C1)[N+](=O)[O-])C1=CC=C(C=C1)[Br])C1=CC=C(C=C1)[N+](=O)[O-].[Cu],-5.943241874,-3.226999926,2.716241948
C4=CC5=C(C1=CC=C([N]1)C(=C2C=CC(=N2)C(=C3C=CC(=N3)C(=C4[N]5)C1=CC=C(C=C1)[Br])C1=CC=C(C=C1)C([F])([F])[F])C1=CC=C(C=C1)[Br])C1=CC=C(C=C1)C([F])([F])[F].[Cu],-5.751945732,-2.93474949,2.817196242
C4=CC5=C(C1=CC=C([N]1)C(=C2C=CC(=N2)C(=C3C=CC(=N3)C(=C4[N]5)C1=CC=C(C=C1)C(C)(C)C)C1=CC=C(C=C1)[N](C)C)C1=CC=C(C=C1)C(C)(C)C)C1=CC=C(C=C1)[N](C)C.[Cu],-4.868663688,-2.199225348,2.66943834
C4=CC5=C(C1=CC=C([N]1)C(=C2C=CC(=N2)C(=C3C=CC(=N3)C(=C4[N]5)C1=CC=C(C=C1)C(C)(C)C)C1=CC=C(C=C1)OC)C1=CC=C(C=C1)C(C)(C)C)C1=CC=C(C=C1)OC.[Cu],-5.125811418,-2.34154097,2.784270448
C4=CC5=C(C1=CC=C([N]1)C(=C2C=CC(=N2)C(=C3C=CC(=N3)C(=C4[N]5)C1=CC=C(C=C1)C(C)(C)C)C1=CC=C(C=C1)[N]([H])[H])C1=CC=C(C=C1)C(C)(C)C)C1=CC=C(C=C1)[N]([H])[H].[Cu],-5.023496554,-2.260450998,2.763045556
C4=CC5=C(C1=CC=C([N]1)C(=C2C=CC(=N2)C(=C3C=CC(=N3)C(=C4[N]5)C1=CC=C(C=C1)C(C)(C)C)C1(=C(C(=C(C(=C1[F])[F])[F])[F])[F]))C1=CC=C(C=C1)C(C)(C)C)C1(=C(C(=C(C(=C1[F])[F])[F])[F])[F]).[Cu],-5.708135378,-2.914068826,2.794066552
C4=CC5=C(C1=CC=C([N]1)C(=C2C=CC(=N2)C(=C3C=CC(=N3)C(=C4[N]5)C1=CC=C(C=C1)C(C)(C)C)C1=CC=C(C=C1)[N+](=O)[O-])C1=CC=C(C=C1)C(C)(C)C)C1=CC=C(C=C1)[N+](=O)[O-].[Cu],-5.696978704,-3.059105588,2.637873116
C4=CC5=C(C1=CC=C([N]1)C(=C2C=CC(=N2)C(=C3C=CC(=N3)C(=C4[N]5)C1=CC=C(C=C1)C(C)(C)C)C1=CC=C(C=C1)C([F])([F])[F])C1=CC=C(C=C1)C(C)(C)C)C1=CC=C(C=C1)C([F])([F])[F].[Cu],-5.515478666,-2.717874632,2.797604034
C4=CC5=C(C1=CC=C([N]1)C(=C2C=CC(=N2)C(=C3C=CC(=N3)C(=C4[N]5)C1=CC=C(C=C1)[N](C)C)C1=CC=C(C=C1)OC)C1=CC=C(C=C1)[N](C)C)C1=CC=C(C=C1)OC.[Cu],-4.862132952,-2.180449482,2.68168347
C4=CC5=C(C1=CC=C([N]1)C(=C2C=CC(=N2)C(=C3C=CC(=N3)C(=C4[N]5)C1=CC=C(C=C1)[N](C)C)C1=CC=C(C=C1)[N]([H])[H])C1=CC=C(C=C1)[N](C)C)C1=CC=C(C=C1)[N]([H])[H].[Cu],-4.801179416,-2.120040174,2.681139242
C4=CC5=C(C1=CC=C([N]1)C(=C2C=CC(=N2)C(=C3C=CC(=N3)C(=C4[N]5)C1=CC=C(C=C1)[N](C)C)C1(=C(C(=C(C(=C1[F])[F])[F])[F])[F]))C1=CC=C(C=C1)[N](C)C)C1(=C(C(=C(C(=C1[F])[F])[F])[F])[F]).[Cu],-5.288807704,-2.7483514,2.540456304
C4=CC5=C(C1=CC=C([N]1)C(=C2C=CC(=N2)C(=C3C=CC(=N3)C(=C4[N]5)C1=CC=C(C=C1)[N](C)C)C1=CC=C(C=C1)[N+](=O)[O-])C1=CC=C(C=C1)[N](C)C)C1=CC=C(C=C1)[N+](=O)[O-].[Cu],-5.283909652,-2.94019177,2.343717882
C4=CC5=C(C1=CC=C([N]1)C(=C2C=CC(=N2)C(=C3C=CC(=N3)C(=C4[N]5)C1=CC=C(C=C1)[N](C)C)C1=CC=C(C=C1)C([F])([F])[F])C1=CC=C(C=C1)[N](C)C)C1=CC=C(C=C1)C([F])([F])[F].[Cu],-5.142410372,-2.546714926,2.595695446
C4=CC5=C(C1=CC=C([N]1)C(=C2C=CC(=N2)C(=C3C=CC(=N3)C(=C4[N]5)C1=CC=C(C=C1)OC)C1=CC=C(C=C1)[N]([H])[H])C1=CC=C(C=C1)OC)C1=CC=C(C=C1)[N]([H])[H].[Cu],-4.966624728,-2.234328054,2.732296674
C4=CC5=C(C1=CC=C([N]1)C(=C2C=CC(=N2)C(=C3C=CC(=N3)C(=C4[N]5)C1=CC=C(C=C1)OC)C1(=C(C(=C(C(=C1[F])[F])[F])[F])[F]))C1=CC=C(C=C1)OC)C1(=C(C(=C(C(=C1[F])[F])[F])[F])[F]).[Cu],-5.640378992,-2.891755478,2.748623514
C4=CC5=C(C1=CC=C([N]1)C(=C2C=CC(=N2)C(=C3C=CC(=N3)C(=C4[N]5)C1=CC=C(C=C1)OC)C1=CC=C(C=C1)[N+](=O)[O-])C1=CC=C(C=C1)OC)C1=CC=C(C=C1)[N+](=O)[O-].[Cu],-5.647181842,-3.045227774,2.601954068
C4=CC5=C(C1=CC=C([N]1)C(=C2C=CC(=N2)C(=C3C=CC(=N3)C(=C4[N]5)C1=CC=C(C=C1)OC)C1=CC=C(C=C1)C([F])([F])[F])C1=CC=C(C=C1)OC)C1=CC=C(C=C1)C([F])([F])[F].[Cu],-5.475205794,-2.692295916,2.782909878
C4=CC5=C(C1=CC=C([N]1)C(=C2C=CC(=N2)C(=C3C=CC(=N3)C(=C4[N]5)C1=CC=C(C=C1)[N]([H])[H])C1(=C(C(=C(C(=C1[F])[F])[F])[F])[F]))C1=CC=C(C=C1)[N]([H])[H])C1(=C(C(=C(C(=C1[F])[F])[F])[F])[F]).[Cu],-5.468402944,-2.81093762,2.657465324
C4=CC5=C(C1=CC=C([N]1)C(=C2C=CC(=N2)C(=C3C=CC(=N3)C(=C4[N]5)C1=CC=C(C=C1)[N]([H])[H])C1=CC=C(C=C1)[N+](=O)[O-])C1=CC=C(C=C1)[N]([H])[H])C1=CC=C(C=C1)[N+](=O)[O-].[Cu],-5.478199048,-2.984818466,2.493380582
C4=CC5=C(C1=CC=C([N]1)C(=C2C=CC(=N2)C(=C3C=CC(=N3)C(=C4[N]5)C1=CC=C(C=C1)[N]([H])[H])C1=CC=C(C=C1)C([F])([F])[F])C1=CC=C(C=C1)[N]([H])[H])C1=CC=C(C=C1)C([F])([F])[F].[Cu],-5.32663155,-2.618280908,2.708350642
C4=CC5=C(C1=CC=C([N]1)C(=C2C=CC(=N2)C(=C3C=CC(=N3)C(=C4[N]5)C1(=C(C(=C(C(=C1[F])[F])[F])[F])[F]))C1=CC=C(C=C1)[N+](=O)[O-])C1(=C(C(=C(C(=C1[F])[F])[F])[F])[F]))C1=CC=C(C=C1)[N+](=O)[O-].[Cu],-6.26950656,-3.389724098,2.879782462
C4=CC5=C(C1=CC=C([N]1)C(=C2C=CC(=N2)C(=C3C=CC(=N3)C(=C4[N]5)C1(=C(C(=C(C(=C1[F])[F])[F])[F])[F]))C1=CC=C(C=C1)C([F])([F])[F])C1(=C(C(=C(C(=C1[F])[F])[F])[F])[F]))C1=CC=C(C=C1)C([F])([F])[F].[Cu],-6.072496024,-3.230265294,2.84223073
C4=CC5=C(C1=CC=C([N]1)C(=C2C=CC(=N2)C(=C3C=CC(=N3)C(=C4[N]5)C1=CC=C(C=C1)[N+](=O)[O-])C1=CC=C(C=C1)C([F])([F])[F])C1=CC=C(C=C1)[N+](=O)[O-])C1=CC=C(C=C1)C([F])([F])[F].[Cu],-6.049638448,-3.309722582,2.739915866
C4=CC5=C(C1=CC=C([N]1)C(=C2C=CC(=N2)C(=C3C=CC(=N3)C(=C4[N]5)C1=CC=C(C=C1)[N](C)C)C1=CC=CC(=C1)OC)C1=CC=C(C=C1)[N](C)C)C1=CC=CC(=C1)OC.[Cu],-4.972067008,-2.244668386,2.727398622
C4=CC5=C(C1=CC=C([N]1)C(=C2C=CC(=N2)C(=C3C=CC(=N3)C(=C4[N]5)C1(=C(C(=C(C(=C1[F])[F])[F])[F])[F]))C1=CC=CC(=C1)OC)C1(=C(C(=C(C(=C1[F])[F])[F])[F])[F]))C1=CC=CC(=C1)OC.[Cu],-5.70759115,-2.889306452,2.818284698
C4=CC5=C(C1=CC=C([N]1)C(=C2C=CC(=N2)C(=C3C=CC(=N3)C(=C4[N]5)C1=CC=C(C=C1)[N+](=O)[O-])C1=CC=CC(=C1)OC)C1=CC=C(C=C1)[N+](=O)[O-])C1=CC=CC(=C1)OC.[Cu],-5.731265068,-3.14427727,2.586987798
C4=CC5=C(C1=CC=C([N]1)C(=C2C=CC(=N2)C(=C3C=CC(=N3)C(=C4[N]5)C1=CC=C(C=C1)C([F])([F])[F])C1=CC=CC(=C1)OC)C1=CC=C(C=C1)C([F])([F])[F])C1=CC=CC(=C1)OC.[Cu],-5.525546884,-2.695017056,2.830529828
C4=CC5=C(C1=CC=C([N]1)C(=C2C=CC(=N2)C(=C3C=CC(=N3)C(=C4[N]5)C1=CC=C(C=C1)C#[N])C1=CC=CC(=C1)OC)C1=CC=C(C=C1)C#[N])C1=CC=CC(=C1)OC.[Cu],-5.652079894,-2.852843176,2.799236718
C4=CC5=C(C1=CC=C([N]1)C(=C2C=CC(=N2)C(=C3C=CC(=N3)C(=C4[N]5)C1=CC=C(C=C1)C#C)C1=CC=CC(=C1)OC)C1=CC=C(C=C1)C#C)C1=CC=CC(=C1)OC.[Cu],-5.340509364,-2.526306376,2.814202988
C4=CC5=C(C1=CC=C([N]1)C(=C2C=CC(=N2)C(=C3C=CC(=N3)C(=C4[N]5)C1=CC=C(C=C1)[Br])C1=CC=CC(=C1)OC)C1=CC=C(C=C1)[Br])C1=CC=CC(=C1)OC.[Cu],-5.396564848,-2.57011673,2.826448118
C4=CC5=C(C1=CC=C([N]1)C(=C2C=CC(=N2)C(=C3C=CC(=N3)C(=C4[N]5)C1=CC=C(C=C1)C(C)(C)C)C1=CC=CC(=C1)OC)C1=CC=C(C=C1)C(C)(C)C)C1=CC=CC(=C1)OC.[Cu],-5.162546808,-2.343445768,2.81910104
C4=CC5=C(C1=CC=C([N]1[H])C(=C2C=CC(=N2)C(=C3C=CC(N3[H])=C(C4=[N]5)C1=CC=C(C=C1)C#[N])C1=CC=C(C=C1)C#C)C1=CC=C(C=C1)C#[N])C1=CC=C(C=C1)C#C ,-5.72663913,-3.123596606,2.603042524
C4=CC5=C(C1=CC=C([N]1[H])C(=C2C=CC(=N2)C(=C3C=CC(N3[H])=C(C4=[N]5)C1=CC=C(C=C1)C#[N])C1=CC=C(C=C1)[Br])C1=CC=C(C=C1)C#[N])C1=CC=C(C=C1)[Br] ,-5.795483972,-3.178019406,2.617464566
C4=CC5=C(C1=CC=C([N]1[H])C(=C2C=CC(=N2)C(=C3C=CC(N3[H])=C(C4=[N]5)C1=CC=C(C=C1)C#[N])C1=CC=C(C=C1)C(C)(C)C)C1=CC=C(C=C1)C#[N])C1=CC=C(C=C1)C(C)(C)C ,-5.57425529,-2.960328206,2.613927084
C4=CC5=C(C1=CC=C([N]1[H])C(=C2C=CC(=N2)C(=C3C=CC(N3[H])=C(C4=[N]5)C1=CC=C(C=C1)C#[N])C1=CC=C(C=C1)[N](C)C)C1=CC=C(C=C1)C#[N])C1=CC=C(C=C1)[N](C)C ,-5.214248468,-2.78780793,2.426440538
C4=CC5=C(C1=CC=C([N]1[H])C(=C2C=CC(=N2)C(=C3C=CC(N3[H])=C(C4=[N]5)C1=CC=C(C=C1)C#[N])C1=CC=C(C=C1)OC)C1=CC=C(C=C1)C#[N])C1=CC=C(C=C1)OC ,-5.515478666,-2.938286972,2.577191694
C4=CC5=C(C1=CC=C([N]1[H])C(=C2C=CC(=N2)C(=C3C=CC(N3[H])=C(C4=[N]5)C1=CC=C(C=C1)C#[N])C1=CC=C(C=C1)[N]([H])[H])C1=CC=C(C=C1)C#[N])C1=CC=C(C=C1)[N]([H])[H] ,-5.372074588,-2.859101798,2.51297279
C4=CC5=C(C1=CC=C([N]1[H])C(=C2C=CC(=N2)C(=C3C=CC(N3[H])=C(C4=[N]5)C1=CC=C(C=C1)C#[N])C1(=C(C(=C(C(=C1[F])[F])[F])[F])[F]))C1=CC=C(C=C1)C#[N])C1(=C(C(=C(C(=C1[F])[F])[F])[F])[F]) ,-6.115217922,-3.43816039,2.677057532
C4=CC5=C(C1=CC=C([N]1[H])C(=C2C=CC(=N2)C(=C3C=CC(N3[H])=C(C4=[N]5)C1=CC=C(C=C1)C#[N])C1=CC=C(C=C1)[N+](=O)[O-])C1=CC=C(C=C1)C#[N])C1=CC=C(C=C1)[N+](=O)[O-] ,-6.11031987,-3.512719626,2.597600244
C4=CC5=C(C1=CC=C([N]1[H])C(=C2C=CC(=N2)C(=C3C=CC(N3[H])=C(C4=[N]5)C1=CC=C(C=C1)C#[N])C1=CC=C(C=C1)C([F])([F])[F])C1=CC=C(C=C1)C#[N])C1=CC=C(C=C1)C([F])([F])[F] ,-5.937255366,-3.266456456,2.67079891
C4=CC5=C(C1=CC=C([N]1[H])C(=C2C=CC(=N2)C(=C3C=CC(N3[H])=C(C4=[N]5)C1=CC=C(C=C1)C#C)C1=CC=C(C=C1)[Br])C1=CC=C(C=C1)C#C)C1=CC=C(C=C1)[Br] ,-5.476022136,-2.852026834,2.623995302
C4=CC5=C(C1=CC=C([N]1[H])C(=C2C=CC(=N2)C(=C3C=CC(N3[H])=C(C4=[N]5)C1=CC=C(C=C1)C#C)C1=CC=C(C=C1)C(C)(C)C)C1=CC=C(C=C1)C#C)C1=CC=C(C=C1)C(C)(C)C ,-5.243908894,-2.642771168,2.601137726
C4=CC5=C(C1=CC=C([N]1[H])C(=C2C=CC(=N2)C(=C3C=CC(N3[H])=C(C4=[N]5)C1=CC=C(C=C1)C#C)C1=CC=C(C=C1)[N](C)C)C1=CC=C(C=C1)C#C)C1=CC=C(C=C1)[N](C)C ,-4.924174944,-2.477870084,2.44630486
C4=CC5=C(C1=CC=C([N]1[H])C(=C2C=CC(=N2)C(=C3C=CC(N3[H])=C(C4=[N]5)C1=CC=C(C=C1)C#C)C1=CC=C(C=C1)OC)C1=CC=C(C=C1)C#C)C1=CC=C(C=C1)OC ,-5.214520582,-2.612838628,2.601681954
C4=CC5=C(C1=CC=C([N]1[H])C(=C2C=CC(=N2)C(=C3C=CC(N3[H])=C(C4=[N]5)C1=CC=C(C=C1)C#C)C1=CC=C(C=C1)[N]([H])[H])C1=CC=C(C=C1)C#C)C1=CC=C(C=C1)[N]([H])[H] ,-5.084994318,-2.533109226,2.551885092
C4=CC5=C(C1=CC=C([N]1[H])C(=C2C=CC(=N2)C(=C3C=CC(N3[H])=C(C4=[N]5)C1=CC=C(C=C1)C#C)C1(=C(C(=C(C(=C1[F])[F])[F])[F])[F]))C1=CC=C(C=C1)C#C)C1(=C(C(=C(C(=C1[F])[F])[F])[F])[F]) ,-5.77970136,-3.150808006,2.628893354
C4=CC5=C(C1=CC=C([N]1[H])C(=C2C=CC(=N2)C(=C3C=CC(N3[H])=C(C4=[N]5)C1=CC=C(C=C1)C#C)C1=CC=C(C=C1)[N+](=O)[O-])C1=CC=C(C=C1)C#C)C1=CC=C(C=C1)[N+](=O)[O-] ,-5.78106193,-3.26672857,2.51433336
C4=CC5=C(C1=CC=C([N]1[H])C(=C2C=CC(=N2)C(=C3C=CC(N3[H])=C(C4=[N]5)C1=CC=C(C=C1)C#C)C1=CC=C(C=C1)C([F])([F])[F])C1=CC=C(C=C1)C#C)C1=CC=C(C=C1)C([F])([F])[F] ,-5.599561892,-2.960056092,2.6395058
C4=CC5=C(C1=CC=C([N]1[H])C(=C2C=CC(=N2)C(=C3C=CC(N3[H])=C(C4=[N]5)C1=CC=C(C=C1)[Br])C1=CC=C(C=C1)C(C)(C)C)C1=CC=C(C=C1)[Br])C1=CC=C(C=C1)C(C)(C)C ,-5.301597062,-2.684132496,2.617464566
C4=CC5=C(C1=CC=C([N]1[H])C(=C2C=CC(=N2)C(=C3C=CC(N3[H])=C(C4=[N]5)C1=CC=C(C=C1)[Br])C1=CC=C(C=C1)[N](C)C)C1=CC=C(C=C1)[Br])C1=CC=C(C=C1)[N](C)C ,-4.972067008,-2.511340106,2.460726902
C4=CC5=C(C1=CC=C([N]1[H])C(=C2C=CC(=N2)C(=C3C=CC(N3[H])=C(C4=[N]5)C1=CC=C(C=C1)[Br])C1=CC=C(C=C1)OC)C1=CC=C(C=C1)[Br])C1=CC=C(C=C1)OC ,-5.270031838,-2.655288412,2.614743426
C4=CC5=C(C1=CC=C([N]1[H])C(=C2C=CC(=N2)C(=C3C=CC(N3[H])=C(C4=[N]5)C1=CC=C(C=C1)[Br])C1=CC=C(C=C1)[N]([H])[H])C1=CC=C(C=C1)[Br])C1=CC=C(C=C1)[N]([H])[H] ,-5.140505574,-2.574470554,2.56603502
C4=CC5=C(C1=CC=C([N]1[H])C(=C2C=CC(=N2)C(=C3C=CC(N3[H])=C(C4=[N]5)C1=CC=C(C=C1)[Br])C1(=C(C(=C(C(=C1[F])[F])[F])[F])[F]))C1=CC=C(C=C1)[Br])C1(=C(C(=C(C(=C1[F])[F])[F])[F])[F]) ,-5.867322068,-3.208768288,2.65855378
C4=CC5=C(C1=CC=C([N]1[H])C(=C2C=CC(=N2)C(=C3C=CC(N3[H])=C(C4=[N]5)C1=CC=C(C=C1)[Br])C1=CC=C(C=C1)[N+](=O)[O-])C1=CC=C(C=C1)[Br])C1=CC=C(C=C1)[N+](=O)[O-] ,-5.850451,-3.318974458,2.531476542
C4=CC5=C(C1=CC=C([N]1[H])C(=C2C=CC(=N2)C(=C3C=CC(N3[H])=C(C4=[N]5)C1=CC=C(C=C1)[Br])C1=CC=C(C=C1)C([F])([F])[F])C1=CC=C(C=C1)[Br])C1=CC=C(C=C1)C([F])([F])[F] ,-5.665141366,-3.016927918,2.648213448
C4=CC5=C(C1=CC=C([N]1[H])C(=C2C=CC(=N2)C(=C3C=CC(N3[H])=C(C4=[N]5)C1=CC=C(C=C1)C(C)(C)C)C1=CC=C(C=C1)[N](C)C)C1=CC=C(C=C1)C(C)(C)C)C1=CC=C(C=C1)[N](C)C ,-4.800635188,-2.291471994,2.509163194
C4=CC5=C(C1=CC=C([N]1[H])C(=C2C=CC(=N2)C(=C3C=CC(N3[H])=C(C4=[N]5)C1=CC=C(C=C1)C(C)(C)C)C1=CC=C(C=C1)OC)C1=CC=C(C=C1)C(C)(C)C)C1=CC=C(C=C1)OC ,-5.014244678,-2.41229061,2.601954068
C4=CC5=C(C1=CC=C([N]1[H])C(=C2C=CC(=N2)C(=C3C=CC(N3[H])=C(C4=[N]5)C1=CC=C(C=C1)C(C)(C)C)C1=CC=C(C=C1)[N]([H])[H])C1=CC=C(C=C1)C(C)(C)C)C1=CC=C(C=C1)[N]([H])[H] ,-4.88716744,-2.33473812,2.55242932
C4=CC5=C(C1=CC=C([N]1[H])C(=C2C=CC(=N2)C(=C3C=CC(N3[H])=C(C4=[N]5)C1=CC=C(C=C1)C(C)(C)C)C1(=C(C(=C(C(=C1[F])[F])[F])[F])[F]))C1=CC=C(C=C1)C(C)(C)C)C1(=C(C(=C(C(=C1[F])[F])[F])[F])[F]) ,-5.605820514,-2.991077088,2.614743426
C4=CC5=C(C1=CC=C([N]1[H])C(=C2C=CC(=N2)C(=C3C=CC(N3[H])=C(C4=[N]5)C1=CC=C(C=C1)C(C)(C)C)C1=CC=C(C=C1)[N+](=O)[O-])C1=CC=C(C=C1)C(C)(C)C)C1=CC=C(C=C1)[N+](=O)[O-] ,-5.626773292,-3.119514896,2.507258396
C4=CC5=C(C1=CC=C([N]1[H])C(=C2C=CC(=N2)C(=C3C=CC(N3[H])=C(C4=[N]5)C1=CC=C(C=C1)C(C)(C)C)C1=CC=C(C=C1)C([F])([F])[F])C1=CC=C(C=C1)C(C)(C)C)C1=CC=C(C=C1)C([F])([F])[F] ,-5.422959906,-2.80005306,2.622906846
C4=CC5=C(C1=CC=C([N]1[H])C(=C2C=CC(=N2)C(=C3C=CC(N3[H])=C(C4=[N]5)C1=CC=C(C=C1)[N](C)C)C1=CC=C(C=C1)OC)C1=CC=C(C=C1)[N](C)C)C1=CC=C(C=C1)OC ,-4.848255138,-2.294737362,2.553517776
C4=CC5=C(C1=CC=C([N]1[H])C(=C2C=CC(=N2)C(=C3C=CC(N3[H])=C(C4=[N]5)C1=CC=C(C=C1)[N](C)C)C1=CC=C(C=C1)[N]([H])[H])C1=CC=C(C=C1)[N](C)C)C1=CC=C(C=C1)[N]([H])[H] ,-4.68308194,-2.160040932,2.523041008
C4=CC5=C(C1=CC=C([N]1[H])C(=C2C=CC(=N2)C(=C3C=CC(N3[H])=C(C4=[N]5)C1=CC=C(C=C1)[N](C)C)C1(=C(C(=C(C(=C1[F])[F])[F])[F])[F]))C1=CC=C(C=C1)[N](C)C)C1(=C(C(=C(C(=C1[F])[F])[F])[F])[F]) ,-5.226493598,-2.814202988,2.41229061
C4=CC5=C(C1=CC=C([N]1[H])C(=C2C=CC(=N2)C(=C3C=CC(N3[H])=C(C4=[N]5)C1=CC=C(C=C1)[N](C)C)C1=CC=C(C=C1)[N+](=O)[O-])C1=CC=C(C=C1)[N](C)C)C1=CC=C(C=C1)[N+](=O)[O-] ,-5.26404533,-2.976110818,2.287934512
C4=CC5=C(C1=CC=C([N]1[H])C(=C2C=CC(=N2)C(=C3C=CC(N3[H])=C(C4=[N]5)C1=CC=C(C=C1)[N](C)C)C1=CC=C(C=C1)C([F])([F])[F])C1=CC=C(C=C1)[N](C)C)C1=CC=C(C=C1)C([F])([F])[F] ,-5.071660732,-2.63270295,2.438957782
C4=CC5=C(C1=CC=C([N]1[H])C(=C2C=CC(=N2)C(=C3C=CC(N3[H])=C(C4=[N]5)C1=CC=C(C=C1)OC)C1=CC=C(C=C1)[N]([H])[H])C1=CC=C(C=C1)OC)C1=CC=C(C=C1)[N]([H])[H] ,-4.836282122,-2.2993633,2.536918822
C4=CC5=C(C1=CC=C([N]1[H])C(=C2C=CC(=N2)C(=C3C=CC(N3[H])=C(C4=[N]5)C1=CC=C(C=C1)OC)C1(=C(C(=C(C(=C1[F])[F])[F])[F])[F]))C1=CC=C(C=C1)OC)C1(=C(C(=C(C(=C1[F])[F])[F])[F])[F]) ,-5.531533392,-2.972301222,2.55923217
C4=CC5=C(C1=CC=C([N]1[H])C(=C2C=CC(=N2)C(=C3C=CC(N3[H])=C(C4=[N]5)C1=CC=C(C=C1)OC)C1=CC=C(C=C1)[N+](=O)[O-])C1=CC=C(C=C1)OC)C1=CC=C(C=C1)[N+](=O)[O-] ,-5.539968926,-3.141284016,2.39868491
C4=CC5=C(C1=CC=C([N]1[H])C(=C2C=CC(=N2)C(=C3C=CC(N3[H])=C(C4=[N]5)C1=CC=C(C=C1)OC)C1=CC=C(C=C1)C([F])([F])[F])C1=CC=C(C=C1)OC)C1=CC=C(C=C1)C([F])([F])[F] ,-5.386768744,-2.775290686,2.611478058
C4=CC5=C(C1=CC=C([N]1[H])C(=C2C=CC(=N2)C(=C3C=CC(N3[H])=C(C4=[N]5)C1=CC=C(C=C1)[N]([H])[H])C1(=C(C(=C(C(=C1[F])[F])[F])[F])[F]))C1=CC=C(C=C1)[N]([H])[H])C1(=C(C(=C(C(=C1[F])[F])[F])[F])[F]) ,-5.37969378,-2.887673768,2.492020012
C4=CC5=C(C1=CC=C([N]1[H])C(=C2C=CC(=N2)C(=C3C=CC(N3[H])=C(C4=[N]5)C1=CC=C(C=C1)[N]([H])[H])C1=CC=C(C=C1)[N+](=O)[O-])C1=CC=C(C=C1)[N]([H])[H])C1=CC=C(C=C1)[N+](=O)[O-] ,-5.397109076,-3.065092096,2.33201698
C4=CC5=C(C1=CC=C([N]1[H])C(=C2C=CC(=N2)C(=C3C=CC(N3[H])=C(C4=[N]5)C1=CC=C(C=C1)[N]([H])[H])C1=CC=C(C=C1)C([F])([F])[F])C1=CC=C(C=C1)[N]([H])[H])C1=CC=C(C=C1)C([F])([F])[F] ,-5.221595546,-2.702636248,2.518959298
C4=CC5=C(C1=CC=C([N]1[H])C(=C2C=CC(=N2)C(=C3C=CC(N3[H])=C(C4=[N]5)C1(=C(C(=C(C(=C1[F])[F])[F])[F])[F]))C1=CC=C(C=C1)[N+](=O)[O-])C1(=C(C(=C(C(=C1[F])[F])[F])[F])[F]))C1=CC=C(C=C1)[N+](=O)[O-] ,-6.194403096,-3.490406278,2.703996818
C4=CC5=C(C1=CC=C([N]1[H])C(=C2C=CC(=N2)C(=C3C=CC(N3[H])=C(C4=[N]5)C1(=C(C(=C(C(=C1[F])[F])[F])[F])[F]))C1=CC=C(C=C1)C([F])([F])[F])C1(=C(C(=C(C(=C1[F])[F])[F])[F])[F]))C1=CC=C(C=C1)C([F])([F])[F] ,-5.996848332,-3.31026681,2.686581522
C4=CC5=C(C1=CC=C([N]1[H])C(=C2C=CC(=N2)C(=C3C=CC(N3[H])=C(C4=[N]5)C1=CC=C(C=C1)[N+](=O)[O-])C1=CC=C(C=C1)C([F])([F])[F])C1=CC=C(C=C1)[N+](=O)[O-])C1=CC=C(C=C1)C([F])([F])[F] ,-5.98922914,-3.385642388,2.603586752
C4=CC5=C(C1=CC=C([N]1)C(=C2C=CC(=N2)C(=C3C=CC(=N3)C(=C4[N]5)C1=CC=C(C=C1)C#[N])C1=CC=C(C=C1)C#C)C1=CC=C(C=C1)C#[N])C1=CC=C(C=C1)C#C.[Co],-5.825144398,-2.96468203,2.860462368
C4=CC5=C(C1=CC=C([N]1)C(=C2C=CC(=N2)C(=C3C=CC(=N3)C(=C4[N]5)C1=CC=C(C=C1)C#[N])C1=CC=C(C=C1)[Br])C1=CC=C(C=C1)C#[N])C1=CC=C(C=C1)[Br].[Co],-5.90079209,-3.011485638,2.889306452
C4=CC5=C(C1=CC=C([N]1)C(=C2C=CC(=N2)C(=C3C=CC(=N3)C(=C4[N]5)C1=CC=C(C=C1)C#[N])C1=CC=C(C=C1)C(C)(C)C)C1=CC=C(C=C1)C#[N])C1=CC=C(C=C1)C(C)(C)C.[Co],-5.66677405,-2.803862656,2.862911394
C4=CC5=C(C1=CC=C([N]1)C(=C2C=CC(=N2)C(=C3C=CC(=N3)C(=C4[N]5)C1=CC=C(C=C1)C#[N])C1=CC=C(C=C1)[N](C)C)C1=CC=C(C=C1)C#[N])C1=CC=C(C=C1)[N](C)C.[Co],-5.26812704,-2.629709696,2.638417344
C4=CC5=C(C1=CC=C([N]1)C(=C2C=CC(=N2)C(=C3C=CC(=N3)C(=C4[N]5)C1=CC=C(C=C1)C#[N])C1=CC=C(C=C1)OC)C1=CC=C(C=C1)C#[N])C1=CC=C(C=C1)OC.[Co],-5.581330254,-2.807944366,2.773385888
C4=CC5=C(C1=CC=C([N]1)C(=C2C=CC(=N2)C(=C3C=CC(=N3)C(=C4[N]5)C1=CC=C(C=C1)C#[N])C1=CC=C(C=C1)[N]([H])[H])C1=CC=C(C=C1)C#[N])C1=CC=C(C=C1)[N]([H])[H].[Co],-5.45724627,-2.710799668,2.746446602
C4=CC5=C(C1=CC=C([N]1)C(=C2C=CC(=N2)C(=C3C=CC(=N3)C(=C4[N]5)C1=CC=C(C=C1)C#[N])C1(=C(C(=C(C(=C1[F])[F])[F])[F])[F]))C1=CC=C(C=C1)C#[N])C1(=C(C(=C(C(=C1[F])[F])[F])[F])[F]).[Co],-6.211546278,-3.281422726,2.930123552
C4=CC5=C(C1=CC=C([N]1)C(=C2C=CC(=N2)C(=C3C=CC(=N3)C(=C4[N]5)C1=CC=C(C=C1)C#[N])C1=CC=C(C=C1)[N+](=O)[O-])C1=CC=C(C=C1)C#[N])C1=CC=C(C=C1)[N+](=O)[O-].[Co],-6.195491552,-3.365505952,2.8299856
C4=CC5=C(C1=CC=C([N]1)C(=C2C=CC(=N2)C(=C3C=CC(=N3)C(=C4[N]5)C1=CC=C(C=C1)C#[N])C1=CC=C(C=C1)C([F])([F])[F])C1=CC=C(C=C1)C#[N])C1=CC=C(C=C1)C([F])([F])[F].[Co],-6.027597214,-3.1157053,2.911891914
C4=CC5=C(C1=CC=C([N]1)C(=C2C=CC(=N2)C(=C3C=CC(=N3)C(=C4[N]5)C1=CC=C(C=C1)C#C)C1=CC=C(C=C1)[Br])C1=CC=C(C=C1)C#C)C1=CC=C(C=C1)[Br].[Co],-5.583507166,-2.692840144,2.890667022
C4=CC5=C(C1=CC=C([N]1)C(=C2C=CC(=N2)C(=C3C=CC(=N3)C(=C4[N]5)C1=CC=C(C=C1)C#C)C1=CC=C(C=C1)C(C)(C)C)C1=CC=C(C=C1)C#C)C1=CC=C(C=C1)C(C)(C)C.[Co],-5.355475634,-2.482768136,2.872707498
C4=CC5=C(C1=CC=C([N]1)C(=C2C=CC(=N2)C(=C3C=CC(=N3)C(=C4[N]5)C1=CC=C(C=C1)C#C)C1=CC=C(C=C1)[N](C)C)C1=CC=C(C=C1)C#C)C1=CC=C(C=C1)[N](C)C.[Co],-5.05179641,-2.334193892,2.717602518
C4=CC5=C(C1=CC=C([N]1)C(=C2C=CC(=N2)C(=C3C=CC(=N3)C(=C4[N]5)C1=CC=C(C=C1)C#C)C1=CC=C(C=C1)OC)C1=CC=C(C=C1)C#C)C1=CC=C(C=C1)OC.[Co],-5.308127798,-2.465897068,2.84223073
C4=CC5=C(C1=CC=C([N]1)C(=C2C=CC(=N2)C(=C3C=CC(=N3)C(=C4[N]5)C1=CC=C(C=C1)C#C)C1=CC=C(C=C1)[N]([H])[H])C1=CC=C(C=C1)C#C)C1=CC=C(C=C1)[N]([H])[H].[Co],-5.183499586,-2.392426288,2.791073298
C4=CC5=C(C1=CC=C([N]1)C(=C2C=CC(=N2)C(=C3C=CC(=N3)C(=C4[N]5)C1=CC=C(C=C1)C#C)C1(=C(C(=C(C(=C1[F])[F])[F])[F])[F]))C1=CC=C(C=C1)C#C)C1(=C(C(=C(C(=C1[F])[F])[F])[F])[F]).[Co],-5.88854696,-3.000601078,2.887945882
C4=CC5=C(C1=CC=C([N]1)C(=C2C=CC(=N2)C(=C3C=CC(=N3)C(=C4[N]5)C1=CC=C(C=C1)C#C)C1=CC=C(C=C1)[N+](=O)[O-])C1=CC=C(C=C1)C#C)C1=CC=C(C=C1)[N+](=O)[O-].[Co],-5.880927768,-3.124957176,2.755970592
C4=CC5=C(C1=CC=C([N]1)C(=C2C=CC(=N2)C(=C3C=CC(=N3)C(=C4[N]5)C1=CC=C(C=C1)C#C)C1=CC=C(C=C1)C([F])([F])[F])C1=CC=C(C=C1)C#C)C1=CC=C(C=C1)C([F])([F])[F].[Co],-5.703781554,-2.802229972,2.901551582
C4=CC5=C(C1=CC=C([N]1)C(=C2C=CC(=N2)C(=C3C=CC(=N3)C(=C4[N]5)C1=CC=C(C=C1)[Br])C1=CC=C(C=C1)C(C)(C)C)C1=CC=C(C=C1)[Br])C1=CC=C(C=C1)C(C)(C)C.[Co],-5.432483896,-2.53474191,2.897741986
C4=CC5=C(C1=CC=C([N]1)C(=C2C=CC(=N2)C(=C3C=CC(=N3)C(=C4[N]5)C1=CC=C(C=C1)[Br])C1=CC=C(C=C1)[N](C)C)C1=CC=C(C=C1)[Br])C1=CC=C(C=C1)[N](C)C.[Co],-5.081456836,-2.367663914,2.713792922
C4=CC5=C(C1=CC=C([N]1)C(=C2C=CC(=N2)C(=C3C=CC(=N3)C(=C4[N]5)C1=CC=C(C=C1)[Br])C1=CC=C(C=C1)OC)C1=CC=C(C=C1)[Br])C1=CC=C(C=C1)OC.[Co],-5.358741002,-2.510523764,2.848217238
C4=CC5=C(C1=CC=C([N]1)C(=C2C=CC(=N2)C(=C3C=CC(=N3)C(=C4[N]5)C1=CC=C(C=C1)[Br])C1=CC=C(C=C1)[N]([H])[H])C1=CC=C(C=C1)[Br])C1=CC=C(C=C1)[N]([H])[H].[Co],-5.222956116,-2.437052984,2.785903132
C4=CC5=C(C1=CC=C([N]1)C(=C2C=CC(=N2)C(=C3C=CC(=N3)C(=C4[N]5)C1=CC=C(C=C1)[Br])C1(=C(C(=C(C(=C1[F])[F])[F])[F])[F]))C1=CC=C(C=C1)[Br])C1(=C(C(=C(C(=C1[F])[F])[F])[F])[F]).[Co],-5.954126434,-3.053391194,2.90073524
C4=CC5=C(C1=CC=C([N]1)C(=C2C=CC(=N2)C(=C3C=CC(=N3)C(=C4[N]5)C1=CC=C(C=C1)[Br])C1=CC=C(C=C1)[N+](=O)[O-])C1=CC=C(C=C1)[Br])C1=CC=C(C=C1)[N+](=O)[O-].[Co],-5.950044724,-3.178563634,2.77148109
C4=CC5=C(C1=CC=C([N]1)C(=C2C=CC(=N2)C(=C3C=CC(=N3)C(=C4[N]5)C1=CC=C(C=C1)[Br])C1=CC=C(C=C1)C([F])([F])[F])C1=CC=C(C=C1)[Br])C1=CC=C(C=C1)C([F])([F])[F].[Co],-5.770721598,-2.858013342,2.912708256
C4=CC5=C(C1=CC=C([N]1)C(=C2C=CC(=N2)C(=C3C=CC(=N3)C(=C4[N]5)C1=CC=C(C=C1)C(C)(C)C)C1=CC=C(C=C1)[N](C)C)C1=CC=C(C=C1)C(C)(C)C)C1=CC=C(C=C1)[N](C)C.[Co],-4.939141214,-2.147795802,2.791345412
C4=CC5=C(C1=CC=C([N]1)C(=C2C=CC(=N2)C(=C3C=CC(=N3)C(=C4[N]5)C1=CC=C(C=C1)C(C)(C)C)C1=CC=C(C=C1)OC)C1=CC=C(C=C1)C(C)(C)C)C1=CC=C(C=C1)OC.[Co],-5.142138258,-2.271607672,2.870530586
C4=CC5=C(C1=CC=C([N]1)C(=C2C=CC(=N2)C(=C3C=CC(=N3)C(=C4[N]5)C1=CC=C(C=C1)C(C)(C)C)C1=CC=C(C=C1)[N]([H])[H])C1=CC=C(C=C1)C(C)(C)C)C1=CC=C(C=C1)[N]([H])[H].[Co],-5.02322444,-2.192422498,2.830801942
C4=CC5=C(C1=CC=C([N]1)C(=C2C=CC(=N2)C(=C3C=CC(=N3)C(=C4[N]5)C1=CC=C(C=C1)C(C)(C)C)C1(=C(C(=C(C(=C1[F])[F])[F])[F])[F]))C1=CC=C(C=C1)C(C)(C)C)C1(=C(C(=C(C(=C1[F])[F])[F])[F])[F]).[Co],-5.718747824,-2.84495187,2.873795954
C4=CC5=C(C1=CC=C([N]1)C(=C2C=CC(=N2)C(=C3C=CC(=N3)C(=C4[N]5)C1=CC=C(C=C1)C(C)(C)C)C1=CC=C(C=C1)[N+](=O)[O-])C1=CC=C(C=C1)C(C)(C)C)C1=CC=C(C=C1)[N+](=O)[O-].[Co],-5.718203596,-3.01366255,2.704541046
C4=CC5=C(C1=CC=C([N]1)C(=C2C=CC(=N2)C(=C3C=CC(=N3)C(=C4[N]5)C1=CC=C(C=C1)C(C)(C)C)C1=CC=C(C=C1)C([F])([F])[F])C1=CC=C(C=C1)C(C)(C)C)C1=CC=C(C=C1)C([F])([F])[F].[Co],-5.541329496,-2.649301904,2.892027592
C4=CC5=C(C1=CC=C([N]1)C(=C2C=CC(=N2)C(=C3C=CC(=N3)C(=C4[N]5)C1=CC=C(C=C1)[N](C)C)C1=CC=C(C=C1)OC)C1=CC=C(C=C1)[N](C)C)C1=CC=C(C=C1)OC.[Co],-4.915467296,-2.13337376,2.782093536
C4=CC5=C(C1=CC=C([N]1)C(=C2C=CC(=N2)C(=C3C=CC(=N3)C(=C4[N]5)C1=CC=C(C=C1)[N](C)C)C1=CC=C(C=C1)[N]([H])[H])C1=CC=C(C=C1)[N](C)C)C1=CC=C(C=C1)[N]([H])[H].[Co],-4.81369666,-2.054188586,2.759508074
C4=CC5=C(C1=CC=C([N]1)C(=C2C=CC(=N2)C(=C3C=CC(=N3)C(=C4[N]5)C1=CC=C(C=C1)[N](C)C)C1(=C(C(=C(C(=C1[F])[F])[F])[F])[F]))C1=CC=C(C=C1)[N](C)C)C1(=C(C(=C(C(=C1[F])[F])[F])[F])[F]).[Co],-5.305950886,-2.677329646,2.62862124
C4=CC5=C(C1=CC=C([N]1)C(=C2C=CC(=N2)C(=C3C=CC(=N3)C(=C4[N]5)C1=CC=C(C=C1)[N](C)C)C1=CC=C(C=C1)[N+](=O)[O-])C1=CC=C(C=C1)[N](C)C)C1=CC=C(C=C1)[N+](=O)[O-].[Co],-5.313842192,-2.90073524,2.413106952
C4=CC5=C(C1=CC=C([N]1)C(=C2C=CC(=N2)C(=C3C=CC(=N3)C(=C4[N]5)C1=CC=C(C=C1)[N](C)C)C1=CC=C(C=C1)C([F])([F])[F])C1=CC=C(C=C1)[N](C)C)C1=CC=C(C=C1)C([F])([F])[F].[Co],-5.173703482,-2.482496022,2.69120746
C4=CC5=C(C1=CC=C([N]1)C(=C2C=CC(=N2)C(=C3C=CC(=N3)C(=C4[N]5)C1=CC=C(C=C1)OC)C1=CC=C(C=C1)[N]([H])[H])C1=CC=C(C=C1)OC)C1=CC=C(C=C1)[N]([H])[H].[Co],-4.916555752,-2.175279316,2.741276436
C4=CC5=C(C1=CC=C([N]1)C(=C2C=CC(=N2)C(=C3C=CC(=N3)C(=C4[N]5)C1=CC=C(C=C1)OC)C1(=C(C(=C(C(=C1[F])[F])[F])[F])[F]))C1=CC=C(C=C1)OC)C1(=C(C(=C(C(=C1[F])[F])[F])[F])[F]).[Co],-5.641467448,-2.822366408,2.81910104
C4=CC5=C(C1=CC=C([N]1)C(=C2C=CC(=N2)C(=C3C=CC(=N3)C(=C4[N]5)C1=CC=C(C=C1)OC)C1=CC=C(C=C1)[N+](=O)[O-])C1=CC=C(C=C1)OC)C1=CC=C(C=C1)[N+](=O)[O-].[Co],-5.626229064,-3.037880696,2.588348368
C4=CC5=C(C1=CC=C([N]1)C(=C2C=CC(=N2)C(=C3C=CC(=N3)C(=C4[N]5)C1=CC=C(C=C1)OC)C1=CC=C(C=C1)C([F])([F])[F])C1=CC=C(C=C1)OC)C1=CC=C(C=C1)C([F])([F])[F].[Co],-5.48173653,-2.632430836,2.849305694
C4=CC5=C(C1=CC=C([N]1)C(=C2C=CC(=N2)C(=C3C=CC(=N3)C(=C4[N]5)C1=CC=C(C=C1)[N]([H])[H])C1(=C(C(=C(C(=C1[F])[F])[F])[F])[F]))C1=CC=C(C=C1)[N]([H])[H])C1(=C(C(=C(C(=C1[F])[F])[F])[F])[F]).[Co],-5.484729784,-2.73882741,2.745902374
C4=CC5=C(C1=CC=C([N]1)C(=C2C=CC(=N2)C(=C3C=CC(=N3)C(=C4[N]5)C1=CC=C(C=C1)[N]([H])[H])C1=CC=C(C=C1)[N+](=O)[O-])C1=CC=C(C=C1)[N]([H])[H])C1=CC=C(C=C1)[N+](=O)[O-].[Co],-5.520104604,-2.92794664,2.592157964
C4=CC5=C(C1=CC=C([N]1)C(=C2C=CC(=N2)C(=C3C=CC(=N3)C(=C4[N]5)C1=CC=C(C=C1)[N]([H])[H])C1=CC=C(C=C1)C([F])([F])[F])C1=CC=C(C=C1)[N]([H])[H])C1=CC=C(C=C1)C([F])([F])[F].[Co],-5.345135302,-2.55242932,2.792705982
C4=CC5=C(C1=CC=C([N]1)C(=C2C=CC(=N2)C(=C3C=CC(=N3)C(=C4[N]5)C1(=C(C(=C(C(=C1[F])[F])[F])[F])[F]))C1=CC=C(C=C1)[N+](=O)[O-])C1(=C(C(=C(C(=C1[F])[F])[F])[F])[F]))C1=CC=C(C=C1)[N+](=O)[O-].[Co],-6.248825896,-3.320879256,2.92794664
C4=CC5=C(C1=CC=C([N]1)C(=C2C=CC(=N2)C(=C3C=CC(=N3)C(=C4[N]5)C1(=C(C(=C(C(=C1[F])[F])[F])[F])[F]))C1=CC=C(C=C1)C([F])([F])[F])C1(=C(C(=C(C(=C1[F])[F])[F])[F])[F]))C1=CC=C(C=C1)C([F])([F])[F].[Co],-6.077121962,-3.15788297,2.919238992
C4=CC5=C(C1=CC=C([N]1)C(=C2C=CC(=N2)C(=C3C=CC(=N3)C(=C4[N]5)C1=CC=C(C=C1)[N+](=O)[O-])C1=CC=C(C=C1)C([F])([F])[F])C1=CC=C(C=C1)[N+](=O)[O-])C1=CC=C(C=C1)C([F])([F])[F].[Co],-6.073312366,-3.252578642,2.820733724
C4=CC5=C(C1=CC=C([N]1)C(=C2C=CC(=N2)C(=C3C=CC(=N3)C(=C4[N]5)C1=CC=C(C=C1)C#[N])C1=CC=CC(=C1)OC)C1=CC=C(C=C1)C#[N])C1=CC=CC(=C1)OC.[Co],-5.67901918,-2.839237476,2.839781704
C4=CC5=C(C1=CC=C([N]1)C(=C2C=CC(=N2)C(=C3C=CC(=N3)C(=C4[N]5)C1=CC=C(C=C1)C#C)C1=CC=CC(=C1)OC)C1=CC=C(C=C1)C#C)C1=CC=CC(=C1)OC.[Co],-5.348944898,-2.464536498,2.8844084
C4=CC5=C(C1=CC=C([N]1)C(=C2C=CC(=N2)C(=C3C=CC(=N3)C(=C4[N]5)C1=CC=C(C=C1)[Br])C1=CC=CC(=C1)OC)C1=CC=C(C=C1)[Br])C1=CC=CC(=C1)OC.[Co],-5.415884942,-2.499639204,2.916245738
C4=CC5=C(C1=CC=C([N]1)C(=C2C=CC(=N2)C(=C3C=CC(=N3)C(=C4[N]5)C1=CC=C(C=C1)[N](C)C)C1=CC=CC(=C1)OC)C1=CC=C(C=C1)[N](C)C)C1=CC=CC(=C1)OC.[Co],-4.88036459,-2.154326538,2.726038052
C4=CC5=C(C1=CC=C([N]1)C(=C2C=CC(=N2)C(=C3C=CC(=N3)C(=C4[N]5)C1(=C(C(=C(C(=C1[F])[F])[F])[F])[F]))C1=CC=CC(=C1)OC)C1(=C(C(=C(C(=C1[F])[F])[F])[F])[F]))C1=CC=CC(=C1)OC.[Co],-5.739428488,-2.852026834,2.887401654
C4=CC5=C(C1=CC=C([N]1)C(=C2C=CC(=N2)C(=C3C=CC(=N3)C(=C4[N]5)C1=CC=C(C=C1)[N+](=O)[O-])C1=CC=CC(=C1)OC)C1=CC=C(C=C1)[N+](=O)[O-])C1=CC=CC(=C1)OC.[Co],-5.75248996,-3.031077846,2.721412114
C4=CC5=C(C1=CC=C([N]1)C(=C2C=CC(=N2)C(=C3C=CC(=N3)C(=C4[N]5)C1=CC=C(C=C1)C([F])([F])[F])C1=CC=CC(=C1)OC)C1=CC=C(C=C1)C([F])([F])[F])C1=CC=CC(=C1)OC.[Co],-5.530989164,-2.618825136,2.912164028
C4=CC5=C(C1=CC=C([N]1)C(=C2C=CC(=N2)C(=C3C=CC(=N3)C(=C4[N]5)C1=CC=C(C=C1)C#[N])C1=CC=C(C=C1)C#C)C1=CC=C(C=C1)C#[N])C1=CC=C(C=C1)C#C.[Mn],-5.81915789,-3.092303496,2.726854394
C4=CC5=C(C1=CC=C([N]1)C(=C2C=CC(=N2)C(=C3C=CC(=N3)C(=C4[N]5)C1=CC=C(C=C1)C#[N])C1=CC=C(C=C1)[Br])C1=CC=C(C=C1)C#[N])C1=CC=C(C=C1)[Br].[Mn],-5.861063446,-3.15380126,2.707262186
C4=CC5=C(C1=CC=C([N]1)C(=C2C=CC(=N2)C(=C3C=CC(=N3)C(=C4[N]5)C1=CC=C(C=C1)C#[N])C1=CC=C(C=C1)C(C)(C)C)C1=CC=C(C=C1)C#[N])C1=CC=C(C=C1)C(C)(C)C.[Mn],-5.640106878,-2.936654288,2.70345259
C4=CC5=C(C1=CC=C([N]1)C(=C2C=CC(=N2)C(=C3C=CC(=N3)C(=C4[N]5)C1=CC=C(C=C1)C#[N])C1=CC=C(C=C1)[N](C)C)C1=CC=C(C=C1)C#[N])C1=CC=C(C=C1)[N](C)C.[Mn],-5.0477147,-3.267817026,1.779897674
C4=CC5=C(C1=CC=C([N]1)C(=C2C=CC(=N2)C(=C3C=CC(=N3)C(=C4[N]5)C1=CC=C(C=C1)C#[N])C1=CC=C(C=C1)OC)C1=CC=C(C=C1)C#[N])C1=CC=C(C=C1)OC.[Mn],-5.584323508,-2.909987116,2.674336392
C4=CC5=C(C1=CC=C([N]1)C(=C2C=CC(=N2)C(=C3C=CC(=N3)C(=C4[N]5)C1=CC=C(C=C1)C#[N])C1=CC=C(C=C1)[N]([H])[H])C1=CC=C(C=C1)C#[N])C1=CC=C(C=C1)[N]([H])[H].[Mn],-5.447178052,-2.905633292,2.54154476
C4=CC5=C(C1=CC=C([N]1)C(=C2C=CC(=N2)C(=C3C=CC(=N3)C(=C4[N]5)C1=CC=C(C=C1)C#[N])C1(=C(C(=C(C(=C1[F])[F])[F])[F])[F]))C1=CC=C(C=C1)C#[N])C1(=C(C(=C(C(=C1[F])[F])[F])[F])[F]).[Mn],-6.1905935,-3.349179112,2.841414388
C4=CC5=C(C1=CC=C([N]1)C(=C2C=CC(=N2)C(=C3C=CC(=N3)C(=C4[N]5)C1=CC=C(C=C1)C#[N])C1=CC=C(C=C1)[N+](=O)[O-])C1=CC=C(C=C1)C#[N])C1=CC=C(C=C1)[N+](=O)[O-].[Mn],-6.105421818,-3.43407868,2.671343138
C4=CC5=C(C1=CC=C([N]1)C(=C2C=CC(=N2)C(=C3C=CC(=N3)C(=C4[N]5)C1=CC=C(C=C1)C#[N])C1=CC=C(C=C1)C([F])([F])[F])C1=CC=C(C=C1)C#[N])C1=CC=C(C=C1)C([F])([F])[F].[Mn],-6.01235883,-3.237068144,2.775290686
C4=CC5=C(C1=CC=C([N]1)C(=C2C=CC(=N2)C(=C3C=CC(=N3)C(=C4[N]5)C1=CC=C(C=C1)C#C)C1=CC=C(C=C1)[Br])C1=CC=C(C=C1)C#C)C1=CC=C(C=C1)[Br].[Mn],-5.57017358,-2.979920414,2.590253166
C4=CC5=C(C1=CC=C([N]1)C(=C2C=CC(=N2)C(=C3C=CC(=N3)C(=C4[N]5)C1=CC=C(C=C1)C#C)C1=CC=C(C=C1)C(C)(C)C)C1=CC=C(C=C1)C#C)C1=CC=C(C=C1)C(C)(C)C.[Mn],-5.335883426,-2.648213448,2.687669978
C4=CC5=C(C1=CC=C([N]1)C(=C2C=CC(=N2)C(=C3C=CC(=N3)C(=C4[N]5)C1=CC=C(C=C1)C#C)C1=CC=C(C=C1)[N](C)C)C1=CC=C(C=C1)C#C)C1=CC=C(C=C1)[N](C)C.[Mn],-4.975060262,-2.457461534,2.517598728
C4=CC5=C(C1=CC=C([N]1)C(=C2C=CC(=N2)C(=C3C=CC(=N3)C(=C4[N]5)C1=CC=C(C=C1)C#C)C1=CC=C(C=C1)OC)C1=CC=C(C=C1)C#C)C1=CC=C(C=C1)OC.[Mn],-5.29942015,-2.775018572,2.524401578
C4=CC5=C(C1=CC=C([N]1)C(=C2C=CC(=N2)C(=C3C=CC(=N3)C(=C4[N]5)C1=CC=C(C=C1)C#C)C1=CC=C(C=C1)[N]([H])[H])C1=CC=C(C=C1)C#C)C1=CC=C(C=C1)[N]([H])[H].[Mn],-5.169893886,-2.689574776,2.48031911
C4=CC5=C(C1=CC=C([N]1)C(=C2C=CC(=N2)C(=C3C=CC(=N3)C(=C4[N]5)C1=CC=C(C=C1)C#C)C1(=C(C(=C(C(=C1[F])[F])[F])[F])[F]))C1=CC=C(C=C1)C#C)C1(=C(C(=C(C(=C1[F])[F])[F])[F])[F]).[Mn],-5.870043208,-3.061826728,2.80821648
C4=CC5=C(C1=CC=C([N]1)C(=C2C=CC(=N2)C(=C3C=CC(=N3)C(=C4[N]5)C1=CC=C(C=C1)C#C)C1=CC=C(C=C1)[N+](=O)[O-])C1=CC=C(C=C1)C#C)C1=CC=C(C=C1)[N+](=O)[O-].[Mn],-5.864328814,-3.131487912,2.732840902
C4=CC5=C(C1=CC=C([N]1)C(=C2C=CC(=N2)C(=C3C=CC(=N3)C(=C4[N]5)C1=CC=C(C=C1)C#C)C1=CC=C(C=C1)C([F])([F])[F])C1=CC=C(C=C1)C#C)C1=CC=C(C=C1)C([F])([F])[F].[Mn],-5.695890248,-2.95651861,2.739371638
C4=CC5=C(C1=CC=C([N]1)C(=C2C=CC(=N2)C(=C3C=CC(=N3)C(=C4[N]5)C1=CC=C(C=C1)[Br])C1=CC=C(C=C1)C(C)(C)C)C1=CC=C(C=C1)[Br])C1=CC=C(C=C1)C(C)(C)C.[Mn],-5.400918672,-2.696377626,2.704541046
C4=CC5=C(C1=CC=C([N]1)C(=C2C=CC(=N2)C(=C3C=CC(=N3)C(=C4[N]5)C1=CC=C(C=C1)[Br])C1=CC=C(C=C1)[N](C)C)C1=CC=C(C=C1)[Br])C1=CC=C(C=C1)[N](C)C.[Mn],-5.081184722,-2.673247936,2.407936786
C4=CC5=C(C1=CC=C([N]1)C(=C2C=CC(=N2)C(=C3C=CC(=N3)C(=C4[N]5)C1=CC=C(C=C1)[Br])C1=CC=C(C=C1)OC)C1=CC=C(C=C1)[Br])C1=CC=C(C=C1)OC.[Mn],-5.358196774,-2.67488062,2.683316154
C4=CC5=C(C1=CC=C([N]1)C(=C2C=CC(=N2)C(=C3C=CC(=N3)C(=C4[N]5)C1=CC=C(C=C1)[Br])C1=CC=C(C=C1)[N]([H])[H])C1=CC=C(C=C1)[Br])C1=CC=C(C=C1)[N]([H])[H].[Mn],-5.222684002,-2.741820664,2.480863338
C4=CC5=C(C1=CC=C([N]1)C(=C2C=CC(=N2)C(=C3C=CC(=N3)C(=C4[N]5)C1=CC=C(C=C1)[Br])C1(=C(C(=C(C(=C1[F])[F])[F])[F])[F]))C1=CC=C(C=C1)[Br])C1(=C(C(=C(C(=C1[F])[F])[F])[F])[F]).[Mn],-5.885553706,-3.289586146,2.59596756
C4=CC5=C(C1=CC=C([N]1)C(=C2C=CC(=N2)C(=C3C=CC(=N3)C(=C4[N]5)C1=CC=C(C=C1)[Br])C1=CC=C(C=C1)[N+](=O)[O-])C1=CC=C(C=C1)[Br])C1=CC=C(C=C1)[N+](=O)[O-].[Mn],-5.911404536,-3.350267568,2.561136968
C4=CC5=C(C1=CC=C([N]1)C(=C2C=CC(=N2)C(=C3C=CC(=N3)C(=C4[N]5)C1=CC=C(C=C1)[Br])C1=CC=C(C=C1)C([F])([F])[F])C1=CC=C(C=C1)[Br])C1=CC=C(C=C1)C([F])([F])[F].[Mn],-5.759020696,-3.015295234,2.743725462
C4=CC5=C(C1=CC=C([N]1)C(=C2C=CC(=N2)C(=C3C=CC(=N3)C(=C4[N]5)C1=CC=C(C=C1)C(C)(C)C)C1=CC=C(C=C1)[N](C)C)C1=CC=C(C=C1)C(C)(C)C)C1=CC=C(C=C1)[N](C)C.[Mn],-4.886623212,-2.321404534,2.565218678
C4=CC5=C(C1=CC=C([N]1)C(=C2C=CC(=N2)C(=C3C=CC(=N3)C(=C4[N]5)C1=CC=C(C=C1)C(C)(C)C)C1=CC=C(C=C1)OC)C1=CC=C(C=C1)C(C)(C)C)C1=CC=C(C=C1)OC.[Mn],-5.142410372,-2.71025544,2.432154932
C4=CC5=C(C1=CC=C([N]1)C(=C2C=CC(=N2)C(=C3C=CC(=N3)C(=C4[N]5)C1=CC=C(C=C1)C(C)(C)C)C1=CC=C(C=C1)[N]([H])[H])C1=CC=C(C=C1)C(C)(C)C)C1=CC=C(C=C1)[N]([H])[H].[Mn],-5.003632232,-2.531204428,2.472427804
C4=CC5=C(C1=CC=C([N]1)C(=C2C=CC(=N2)C(=C3C=CC(=N3)C(=C4[N]5)C1=CC=C(C=C1)C(C)(C)C)C1(=C(C(=C(C(=C1[F])[F])[F])[F])[F]))C1=CC=C(C=C1)C(C)(C)C)C1(=C(C(=C(C(=C1[F])[F])[F])[F])[F]).[Mn],-5.720380508,-2.90345638,2.816924128
C4=CC5=C(C1=CC=C([N]1)C(=C2C=CC(=N2)C(=C3C=CC(=N3)C(=C4[N]5)C1=CC=C(C=C1)C(C)(C)C)C1=CC=C(C=C1)[N+](=O)[O-])C1=CC=C(C=C1)C(C)(C)C)C1=CC=C(C=C1)[N+](=O)[O-].[Mn],-5.69942773,-3.003866446,2.695561284
C4=CC5=C(C1=CC=C([N]1)C(=C2C=CC(=N2)C(=C3C=CC(=N3)C(=C4[N]5)C1=CC=C(C=C1)C(C)(C)C)C1=CC=C(C=C1)C([F])([F])[F])C1=CC=C(C=C1)C(C)(C)C)C1=CC=C(C=C1)C([F])([F])[F].[Mn],-5.518199806,-2.80005306,2.718146746
C4=CC5=C(C1=CC=C([N]1)C(=C2C=CC(=N2)C(=C3C=CC(=N3)C(=C4[N]5)C1=CC=C(C=C1)[N](C)C)C1=CC=C(C=C1)OC)C1=CC=C(C=C1)[N](C)C)C1=CC=C(C=C1)OC.[Mn],-4.888255896,-2.30344501,2.584810886
C4=CC5=C(C1=CC=C([N]1)C(=C2C=CC(=N2)C(=C3C=CC(=N3)C(=C4[N]5)C1=CC=C(C=C1)[N](C)C)C1=CC=C(C=C1)[N]([H])[H])C1=CC=C(C=C1)[N](C)C)C1=CC=C(C=C1)[N]([H])[H].[Mn],-4.76743728,-2.236504966,2.530932314
C4=CC5=C(C1=CC=C([N]1)C(=C2C=CC(=N2)C(=C3C=CC(=N3)C(=C4[N]5)C1=CC=C(C=C1)[N](C)C)C1(=C(C(=C(C(=C1[F])[F])[F])[F])[F]))C1=CC=C(C=C1)[N](C)C)C1(=C(C(=C(C(=C1[F])[F])[F])[F])[F]).[Mn],-5.282276968,-2.725493824,2.556783144
C4=CC5=C(C1=CC=C([N]1)C(=C2C=CC(=N2)C(=C3C=CC(=N3)C(=C4[N]5)C1=CC=C(C=C1)[N](C)C)C1=CC=C(C=C1)[N+](=O)[O-])C1=CC=C(C=C1)[N](C)C)C1=CC=C(C=C1)[N+](=O)[O-].[Mn],-5.322821954,-2.943729252,2.379092702
C4=CC5=C(C1=CC=C([N]1)C(=C2C=CC(=N2)C(=C3C=CC(=N3)C(=C4[N]5)C1=CC=C(C=C1)[N](C)C)C1=CC=C(C=C1)C([F])([F])[F])C1=CC=C(C=C1)[N](C)C)C1=CC=C(C=C1)C([F])([F])[F].[Mn],-5.174519824,-2.74426969,2.430250134
C4=CC5=C(C1=CC=C([N]1)C(=C2C=CC(=N2)C(=C3C=CC(=N3)C(=C4[N]5)C1=CC=C(C=C1)OC)C1=CC=C(C=C1)[N]([H])[H])C1=CC=C(C=C1)OC)C1=CC=C(C=C1)[N]([H])[H].[Mn],-4.97560449,-2.501544002,2.474060488
C4=CC5=C(C1=CC=C([N]1)C(=C2C=CC(=N2)C(=C3C=CC(=N3)C(=C4[N]5)C1=CC=C(C=C1)OC)C1(=C(C(=C(C(=C1[F])[F])[F])[F])[F]))C1=CC=C(C=C1)OC)C1(=C(C(=C(C(=C1[F])[F])[F])[F])[F]).[Mn],-5.656433718,-2.882775716,2.773658002
C4=CC5=C(C1=CC=C([N]1)C(=C2C=CC(=N2)C(=C3C=CC(=N3)C(=C4[N]5)C1=CC=C(C=C1)OC)C1=CC=C(C=C1)[N+](=O)[O-])C1=CC=C(C=C1)OC)C1=CC=C(C=C1)[N+](=O)[O-].[Mn],-5.63003866,-3.207407718,2.422630942
C4=CC5=C(C1=CC=C([N]1)C(=C2C=CC(=N2)C(=C3C=CC(=N3)C(=C4[N]5)C1=CC=C(C=C1)OC)C1=CC=C(C=C1)C([F])([F])[F])C1=CC=C(C=C1)OC)C1=CC=C(C=C1)C([F])([F])[F].[Mn],-5.472756768,-2.78780793,2.684948838
C4=CC5=C(C1=CC=C([N]1)C(=C2C=CC(=N2)C(=C3C=CC(=N3)C(=C4[N]5)C1=CC=C(C=C1)[N]([H])[H])C1(=C(C(=C(C(=C1[F])[F])[F])[F])[F]))C1=CC=C(C=C1)[N]([H])[H])C1(=C(C(=C(C(=C1[F])[F])[F])[F])[F]).[Mn],-5.4830971,-2.786719474,2.696377626
C4=CC5=C(C1=CC=C([N]1)C(=C2C=CC(=N2)C(=C3C=CC(=N3)C(=C4[N]5)C1=CC=C(C=C1)[N]([H])[H])C1=CC=C(C=C1)[N+](=O)[O-])C1=CC=C(C=C1)[N]([H])[H])C1=CC=C(C=C1)[N+](=O)[O-].[Mn],-5.348128556,-3.040601836,2.30752672
C4=CC5=C(C1=CC=C([N]1)C(=C2C=CC(=N2)C(=C3C=CC(=N3)C(=C4[N]5)C1=CC=C(C=C1)[N]([H])[H])C1=CC=C(C=C1)C([F])([F])[F])C1=CC=C(C=C1)[N]([H])[H])C1=CC=C(C=C1)C([F])([F])[F].[Mn],-5.33887668,-2.825631776,2.513244904
C4=CC5=C(C1=CC=C([N]1)C(=C2C=CC(=N2)C(=C3C=CC(=N3)C(=C4[N]5)C1(=C(C(=C(C(=C1[F])[F])[F])[F])[F]))C1=CC=C(C=C1)[N+](=O)[O-])C1(=C(C(=C(C(=C1[F])[F])[F])[F])[F]))C1=CC=C(C=C1)[N+](=O)[O-].[Mn],-6.252907606,-3.39190101,2.861006596
C4=CC5=C(C1=CC=C([N]1)C(=C2C=CC(=N2)C(=C3C=CC(=N3)C(=C4[N]5)C1(=C(C(=C(C(=C1[F])[F])[F])[F])[F]))C1=CC=C(C=C1)C([F])([F])[F])C1(=C(C(=C(C(=C1[F])[F])[F])[F])[F]))C1=CC=C(C=C1)C([F])([F])[F].[Mn],-6.08038733,-3.219652848,2.860734482
C4=CC5=C(C1=CC=C([N]1)C(=C2C=CC(=N2)C(=C3C=CC(=N3)C(=C4[N]5)C1=CC=C(C=C1)[N+](=O)[O-])C1=CC=C(C=C1)C([F])([F])[F])C1=CC=C(C=C1)[N+](=O)[O-])C1=CC=C(C=C1)C([F])([F])[F].[Mn],-6.067597972,-3.283871752,2.78372622
C4=CC5=C(C1=CC=C([N]1)C(=C2C=CC(=N2)C(=C3C=CC(=N3)C(=C4[N]5)C1=CC=C(C=C1)C#[N])C1=CC=C(C=C1)C#C)C1=CC=C(C=C1)C#[N])C1=CC=C(C=C1)C#C.[Fe],-5.806368532,-3.403874026,2.402494506
C4=CC5=C(C1=CC=C([N]1)C(=C2C=CC(=N2)C(=C3C=CC(=N3)C(=C4[N]5)C1=CC=C(C=C1)C#[N])C1=CC=C(C=C1)[Br])C1=CC=C(C=C1)C#[N])C1=CC=C(C=C1)[Br].[Fe],-5.876029716,-3.461834308,2.414195408
C4=CC5=C(C1=CC=C([N]1)C(=C2C=CC(=N2)C(=C3C=CC(=N3)C(=C4[N]5)C1=CC=C(C=C1)C#[N])C1=CC=C(C=C1)C(C)(C)C)C1=CC=C(C=C1)C#[N])C1=CC=C(C=C1)C(C)(C)C.[Fe],-5.622963696,-3.254211326,2.36875237
C4=CC5=C(C1=CC=C([N]1)C(=C2C=CC(=N2)C(=C3C=CC(=N3)C(=C4[N]5)C1=CC=C(C=C1)C#[N])C1=CC=C(C=C1)[N](C)C)C1=CC=C(C=C1)C#[N])C1=CC=C(C=C1)[N](C)C.[Fe],-5.27356932,-3.092031382,2.181537938
C4=CC5=C(C1=CC=C([N]1)C(=C2C=CC(=N2)C(=C3C=CC(=N3)C(=C4[N]5)C1=CC=C(C=C1)C#[N])C1=CC=C(C=C1)OC)C1=CC=C(C=C1)C#[N])C1=CC=C(C=C1)OC.[Fe],-5.560105362,-3.222101874,2.338003488
C4=CC5=C(C1=CC=C([N]1)C(=C2C=CC(=N2)C(=C3C=CC(=N3)C(=C4[N]5)C1=CC=C(C=C1)C#[N])C1=CC=C(C=C1)[N]([H])[H])C1=CC=C(C=C1)C#[N])C1=CC=C(C=C1)[N]([H])[H].[Fe],-5.43003487,-3.154889716,2.275145154
C4=CC5=C(C1=CC=C([N]1)C(=C2C=CC(=N2)C(=C3C=CC(=N3)C(=C4[N]5)C1=CC=C(C=C1)C#[N])C1(=C(C(=C(C(=C1[F])[F])[F])[F])[F]))C1=CC=C(C=C1)C#[N])C1(=C(C(=C(C(=C1[F])[F])[F])[F])[F]).[Fe],-6.199301148,-3.66945729,2.529843858
C4=CC5=C(C1=CC=C([N]1)C(=C2C=CC(=N2)C(=C3C=CC(=N3)C(=C4[N]5)C1=CC=C(C=C1)C#[N])C1=CC=C(C=C1)[N+](=O)[O-])C1=CC=C(C=C1)C#[N])C1=CC=C(C=C1)[N+](=O)[O-].[Fe],-6.16474267,-3.733676194,2.431066476
C4=CC5=C(C1=CC=C([N]1)C(=C2C=CC(=N2)C(=C3C=CC(=N3)C(=C4[N]5)C1=CC=C(C=C1)C#[N])C1=CC=C(C=C1)C([F])([F])[F])C1=CC=C(C=C1)C#[N])C1=CC=C(C=C1)C([F])([F])[F].[Fe],-6.000385814,-3.566326084,2.43405973
C4=CC5=C(C1=CC=C([N]1)C(=C2C=CC(=N2)C(=C3C=CC(=N3)C(=C4[N]5)C1=CC=C(C=C1)C#C)C1=CC=C(C=C1)[Br])C1=CC=C(C=C1)C#C)C1=CC=C(C=C1)[Br].[Fe],-5.54704389,-3.184005914,2.363037976
C4=CC5=C(C1=CC=C([N]1)C(=C2C=CC(=N2)C(=C3C=CC(=N3)C(=C4[N]5)C1=CC=C(C=C1)C#C)C1=CC=C(C=C1)C(C)(C)C)C1=CC=C(C=C1)C#C)C1=CC=C(C=C1)C(C)(C)C.[Fe],-5.33207383,-2.966586828,2.365487002
C4=CC5=C(C1=CC=C([N]1)C(=C2C=CC(=N2)C(=C3C=CC(=N3)C(=C4[N]5)C1=CC=C(C=C1)C#C)C1=CC=C(C=C1)[N](C)C)C1=CC=C(C=C1)C#C)C1=CC=C(C=C1)[N](C)C.[Fe],-5.027850378,-2.829713486,2.198136892
C4=CC5=C(C1=CC=C([N]1)C(=C2C=CC(=N2)C(=C3C=CC(=N3)C(=C4[N]5)C1=CC=C(C=C1)C#C)C1=CC=C(C=C1)OC)C1=CC=C(C=C1)C#C)C1=CC=C(C=C1)OC.[Fe],-5.281460626,-2.969035854,2.312424772
C4=CC5=C(C1=CC=C([N]1)C(=C2C=CC(=N2)C(=C3C=CC(=N3)C(=C4[N]5)C1=CC=C(C=C1)C#C)C1=CC=C(C=C1)[N]([H])[H])C1=CC=C(C=C1)C#C)C1=CC=C(C=C1)[N]([H])[H].[Fe],-5.15928144,-2.888762224,2.270519216
C4=CC5=C(C1=CC=C([N]1)C(=C2C=CC(=N2)C(=C3C=CC(=N3)C(=C4[N]5)C1=CC=C(C=C1)C#C)C1(=C(C(=C(C(=C1[F])[F])[F])[F])[F]))C1=CC=C(C=C1)C#C)C1(=C(C(=C(C(=C1[F])[F])[F])[F])[F]).[Fe],-5.848546202,-3.375846284,2.472699918
C4=CC5=C(C1=CC=C([N]1)C(=C2C=CC(=N2)C(=C3C=CC(=N3)C(=C4[N]5)C1=CC=C(C=C1)C#C)C1=CC=C(C=C1)[N+](=O)[O-])C1=CC=C(C=C1)C#C)C1=CC=C(C=C1)[N+](=O)[O-].[Fe],-5.869226866,-3.427003716,2.44222315
C4=CC5=C(C1=CC=C([N]1)C(=C2C=CC(=N2)C(=C3C=CC(=N3)C(=C4[N]5)C1=CC=C(C=C1)C#C)C1=CC=C(C=C1)C([F])([F])[F])C1=CC=C(C=C1)C#C)C1=CC=C(C=C1)C([F])([F])[F].[Fe],-5.675753812,-3.298838022,2.37691579
C4=CC5=C(C1=CC=C([N]1)C(=C2C=CC(=N2)C(=C3C=CC(=N3)C(=C4[N]5)C1=CC=C(C=C1)[Br])C1=CC=C(C=C1)C(C)(C)C)C1=CC=C(C=C1)[Br])C1=CC=C(C=C1)C(C)(C)C.[Fe],-5.39602062,-3.02998939,2.36603123
C4=CC5=C(C1=CC=C([N]1)C(=C2C=CC(=N2)C(=C3C=CC(=N3)C(=C4[N]5)C1=CC=C(C=C1)[Br])C1=CC=C(C=C1)[N](C)C)C1=CC=C(C=C1)[Br])C1=CC=C(C=C1)[N](C)C.[Fe],-5.073021302,-2.849849922,2.22317138
C4=CC5=C(C1=CC=C([N]1)C(=C2C=CC(=N2)C(=C3C=CC(=N3)C(=C4[N]5)C1=CC=C(C=C1)[Br])C1=CC=C(C=C1)OC)C1=CC=C(C=C1)[Br])C1=CC=C(C=C1)OC.[Fe],-5.342142048,-2.998968394,2.343173654
C4=CC5=C(C1=CC=C([N]1)C(=C2C=CC(=N2)C(=C3C=CC(=N3)C(=C4[N]5)C1=CC=C(C=C1)[Br])C1=CC=C(C=C1)[N]([H])[H])C1=CC=C(C=C1)[Br])C1=CC=C(C=C1)[N]([H])[H].[Fe],-5.214520582,-2.91706208,2.297458502
C4=CC5=C(C1=CC=C([N]1)C(=C2C=CC(=N2)C(=C3C=CC(=N3)C(=C4[N]5)C1=CC=C(C=C1)[Br])C1(=C(C(=C(C(=C1[F])[F])[F])[F])[F]))C1=CC=C(C=C1)[Br])C1(=C(C(=C(C(=C1[F])[F])[F])[F])[F]).[Fe],-5.936439024,-3.43543925,2.500999774
C4=CC5=C(C1=CC=C([N]1)C(=C2C=CC(=N2)C(=C3C=CC(=N3)C(=C4[N]5)C1=CC=C(C=C1)[Br])C1=CC=C(C=C1)[N+](=O)[O-])C1=CC=C(C=C1)[Br])C1=CC=C(C=C1)[N+](=O)[O-].[Fe],-5.927459262,-3.509454258,2.418005004
C4=CC5=C(C1=CC=C([N]1)C(=C2C=CC(=N2)C(=C3C=CC(=N3)C(=C4[N]5)C1=CC=C(C=C1)[Br])C1=CC=C(C=C1)C([F])([F])[F])C1=CC=C(C=C1)[Br])C1=CC=C(C=C1)C([F])([F])[F].[Fe],-5.74840825,-3.338022438,2.410385812
C4=CC5=C(C1=CC=C([N]1)C(=C2C=CC(=N2)C(=C3C=CC(=N3)C(=C4[N]5)C1=CC=C(C=C1)C(C)(C)C)C1=CC=C(C=C1)[N](C)C)C1=CC=C(C=C1)C(C)(C)C)C1=CC=C(C=C1)[N](C)C.[Fe],-4.834377324,-2.632430836,2.201946488
C4=CC5=C(C1=CC=C([N]1)C(=C2C=CC(=N2)C(=C3C=CC(=N3)C(=C4[N]5)C1=CC=C(C=C1)C(C)(C)C)C1=CC=C(C=C1)OC)C1=CC=C(C=C1)C(C)(C)C)C1=CC=C(C=C1)OC.[Fe],-5.114654744,-2.784542562,2.330112182
C4=CC5=C(C1=CC=C([N]1)C(=C2C=CC(=N2)C(=C3C=CC(=N3)C(=C4[N]5)C1=CC=C(C=C1)C(C)(C)C)C1=CC=C(C=C1)[N]([H])[H])C1=CC=C(C=C1)C(C)(C)C)C1=CC=C(C=C1)[N]([H])[H].[Fe],-4.991114988,-2.718146746,2.272968242
C4=CC5=C(C1=CC=C([N]1)C(=C2C=CC(=N2)C(=C3C=CC(=N3)C(=C4[N]5)C1=CC=C(C=C1)C(C)(C)C)C1(=C(C(=C(C(=C1[F])[F])[F])[F])[F]))C1=CC=C(C=C1)C(C)(C)C)C1(=C(C(=C(C(=C1[F])[F])[F])[F])[F]).[Fe],-5.704597896,-3.219380734,2.485217162
C4=CC5=C(C1=CC=C([N]1)C(=C2C=CC(=N2)C(=C3C=CC(=N3)C(=C4[N]5)C1=CC=C(C=C1)C(C)(C)C)C1=CC=C(C=C1)[N+](=O)[O-])C1=CC=C(C=C1)C(C)(C)C)C1=CC=C(C=C1)[N+](=O)[O-].[Fe],-5.71167286,-3.290674602,2.420998258
C4=CC5=C(C1=CC=C([N]1)C(=C2C=CC(=N2)C(=C3C=CC(=N3)C(=C4[N]5)C1=CC=C(C=C1)C(C)(C)C)C1=CC=C(C=C1)C([F])([F])[F])C1=CC=C(C=C1)C(C)(C)C)C1=CC=C(C=C1)C([F])([F])[F].[Fe],-5.508131588,-3.137202306,2.370929282
C4=CC5=C(C1=CC=C([N]1)C(=C2C=CC(=N2)C(=C3C=CC(=N3)C(=C4[N]5)C1=CC=C(C=C1)[N](C)C)C1=CC=C(C=C1)OC)C1=CC=C(C=C1)[N](C)C)C1=CC=C(C=C1)OC.[Fe],-4.85995604,-2.635151976,2.224804064
C4=CC5=C(C1=CC=C([N]1)C(=C2C=CC(=N2)C(=C3C=CC(=N3)C(=C4[N]5)C1=CC=C(C=C1)[N](C)C)C1=CC=C(C=C1)[N]([H])[H])C1=CC=C(C=C1)[N](C)C)C1=CC=C(C=C1)[N]([H])[H].[Fe],-4.787573716,-2.573109984,2.214463732
C4=CC5=C(C1=CC=C([N]1)C(=C2C=CC(=N2)C(=C3C=CC(=N3)C(=C4[N]5)C1=CC=C(C=C1)[N](C)C)C1(=C(C(=C(C(=C1[F])[F])[F])[F])[F]))C1=CC=C(C=C1)[N](C)C)C1(=C(C(=C(C(=C1[F])[F])[F])[F])[F]).[Fe],-5.284181766,-3.046588344,2.237593422
C4=CC5=C(C1=CC=C([N]1)C(=C2C=CC(=N2)C(=C3C=CC(=N3)C(=C4[N]5)C1=CC=C(C=C1)[N](C)C)C1=CC=C(C=C1)[N+](=O)[O-])C1=CC=C(C=C1)[N](C)C)C1=CC=C(C=C1)[N+](=O)[O-].[Fe],-5.317651788,-3.124412948,2.19323884
C4=CC5=C(C1=CC=C([N]1)C(=C2C=CC(=N2)C(=C3C=CC(=N3)C(=C4[N]5)C1=CC=C(C=C1)[N](C)C)C1=CC=C(C=C1)C([F])([F])[F])C1=CC=C(C=C1)[N](C)C)C1=CC=C(C=C1)C([F])([F])[F].[Fe],-5.153294932,-2.46535284,2.687942092
C4=CC5=C(C1=CC=C([N]1)C(=C2C=CC(=N2)C(=C3C=CC(=N3)C(=C4[N]5)C1=CC=C(C=C1)OC)C1=CC=C(C=C1)[N]([H])[H])C1=CC=C(C=C1)OC)C1=CC=C(C=C1)[N]([H])[H].[Fe],-4.957100738,-2.691479574,2.265621164
C4=CC5=C(C1=CC=C([N]1)C(=C2C=CC(=N2)C(=C3C=CC(=N3)C(=C4[N]5)C1=CC=C(C=C1)OC)C1(=C(C(=C(C(=C1[F])[F])[F])[F])[F]))C1=CC=C(C=C1)OC)C1(=C(C(=C(C(=C1[F])[F])[F])[F])[F]).[Fe],-5.640651106,-3.19870007,2.441951036
C4=CC5=C(C1=CC=C([N]1)C(=C2C=CC(=N2)C(=C3C=CC(=N3)C(=C4[N]5)C1=CC=C(C=C1)OC)C1=CC=C(C=C1)[N+](=O)[O-])C1=CC=C(C=C1)OC)C1=CC=C(C=C1)[N+](=O)[O-].[Fe],-5.610174338,-3.263463202,2.346711136
C4=CC5=C(C1=CC=C([N]1)C(=C2C=CC(=N2)C(=C3C=CC(=N3)C(=C4[N]5)C1=CC=C(C=C1)OC)C1=CC=C(C=C1)C([F])([F])[F])C1=CC=C(C=C1)OC)C1=CC=C(C=C1)C([F])([F])[F].[Fe],-5.4558857,-3.10890245,2.34698325
C4=CC5=C(C1=CC=C([N]1)C(=C2C=CC(=N2)C(=C3C=CC(=N3)C(=C4[N]5)C1=CC=C(C=C1)[N]([H])[H])C1(=C(C(=C(C(=C1[F])[F])[F])[F])[F]))C1=CC=C(C=C1)[N]([H])[H])C1(=C(C(=C(C(=C1[F])[F])[F])[F])[F]).[Fe],-5.467042374,-3.111351476,2.355690898
C4=CC5=C(C1=CC=C([N]1)C(=C2C=CC(=N2)C(=C3C=CC(=N3)C(=C4[N]5)C1=CC=C(C=C1)[N]([H])[H])C1=CC=C(C=C1)[N+](=O)[O-])C1=CC=C(C=C1)[N]([H])[H])C1=CC=C(C=C1)[N+](=O)[O-].[Fe],-5.47901539,-3.186182826,2.292832564
C4=CC5=C(C1=CC=C([N]1)C(=C2C=CC(=N2)C(=C3C=CC(=N3)C(=C4[N]5)C1=CC=C(C=C1)[N]([H])[H])C1=CC=C(C=C1)C([F])([F])[F])C1=CC=C(C=C1)[N]([H])[H])C1=CC=C(C=C1)C([F])([F])[F].[Fe],-5.316019104,-3.027812478,2.288206626
C4=CC5=C(C1=CC=C([N]1)C(=C2C=CC(=N2)C(=C3C=CC(=N3)C(=C4[N]5)C1(=C(C(=C(C(=C1[F])[F])[F])[F])[F]))C1=CC=C(C=C1)[N+](=O)[O-])C1(=C(C(=C(C(=C1[F])[F])[F])[F])[F]))C1=CC=C(C=C1)[N+](=O)[O-].[Fe],-6.243383616,-3.713811872,2.529571744
C4=CC5=C(C1=CC=C([N]1)C(=C2C=CC(=N2)C(=C3C=CC(=N3)C(=C4[N]5)C1(=C(C(=C(C(=C1[F])[F])[F])[F])[F]))C1=CC=C(C=C1)C([F])([F])[F])C1(=C(C(=C(C(=C1[F])[F])[F])[F])[F]))C1=CC=C(C=C1)C([F])([F])[F].[Fe],-6.062427806,-3.538570456,2.52385735
C4=CC5=C(C1=CC=C([N]1)C(=C2C=CC(=N2)C(=C3C=CC(=N3)C(=C4[N]5)C1=CC=C(C=C1)[N+](=O)[O-])C1=CC=C(C=C1)C([F])([F])[F])C1=CC=C(C=C1)[N+](=O)[O-])C1=CC=C(C=C1)C([F])([F])[F].[Fe],-6.049638448,-3.59734708,2.452291368
C4=CC5=C(C1=CC=C([N]1)C(=C2C=CC(=N2)C(=C3C=CC(=N3)C(=C4[N]5)C1=CC=C(C=C1)C#[N])C1=CC=C(C=C1)C#C)C1=CC=C(C=C1)C#[N])C1=CC=C(C=C1)C#C.[Ni],-5.839294326,-2.969580082,2.869714244
C4=CC5=C(C1=CC=C([N]1)C(=C2C=CC(=N2)C(=C3C=CC(=N3)C(=C4[N]5)C1=CC=C(C=C1)C#[N])C1=CC=C(C=C1)[Br])C1=CC=C(C=C1)C#[N])C1=CC=C(C=C1)[Br].[Ni],-5.897526722,-3.045499888,2.852026834
C4=CC5=C(C1=CC=C([N]1)C(=C2C=CC(=N2)C(=C3C=CC(=N3)C(=C4[N]5)C1=CC=C(C=C1)C#[N])C1=CC=C(C=C1)C(C)(C)C)C1=CC=C(C=C1)C#[N])C1=CC=C(C=C1)C(C)(C)C.[Ni],-5.657522174,-2.835699994,2.82182218
C4=CC5=C(C1=CC=C([N]1)C(=C2C=CC(=N2)C(=C3C=CC(=N3)C(=C4[N]5)C1=CC=C(C=C1)C#[N])C1=CC=C(C=C1)[N](C)C)C1=CC=C(C=C1)C#[N])C1=CC=C(C=C1)[N](C)C.[Ni],-5.237378158,-2.684676724,2.552701434
C4=CC5=C(C1=CC=C([N]1)C(=C2C=CC(=N2)C(=C3C=CC(=N3)C(=C4[N]5)C1=CC=C(C=C1)C#[N])C1=CC=C(C=C1)OC)C1=CC=C(C=C1)C#[N])C1=CC=C(C=C1)OC.[Ni],-5.601194576,-2.819917382,2.781277194
C4=CC5=C(C1=CC=C([N]1)C(=C2C=CC(=N2)C(=C3C=CC(=N3)C(=C4[N]5)C1=CC=C(C=C1)C#[N])C1=CC=C(C=C1)[N]([H])[H])C1=CC=C(C=C1)C#[N])C1=CC=C(C=C1)[N]([H])[H].[Ni],-5.461055866,-2.742364892,2.718690974
C4=CC5=C(C1=CC=C([N]1)C(=C2C=CC(=N2)C(=C3C=CC(=N3)C(=C4[N]5)C1=CC=C(C=C1)C#[N])C1(=C(C(=C(C(=C1[F])[F])[F])[F])[F]))C1=CC=C(C=C1)C#[N])C1(=C(C(=C(C(=C1[F])[F])[F])[F])[F]).[Ni],-6.200661718,-3.297749566,2.902912152
C4=CC5=C(C1=CC=C([N]1)C(=C2C=CC(=N2)C(=C3C=CC(=N3)C(=C4[N]5)C1=CC=C(C=C1)C#[N])C1=CC=C(C=C1)[N+](=O)[O-])C1=CC=C(C=C1)C#[N])C1=CC=C(C=C1)[N+](=O)[O-].[Ni],-6.200661718,-3.395710606,2.804951112
C4=CC5=C(C1=CC=C([N]1)C(=C2C=CC(=N2)C(=C3C=CC(=N3)C(=C4[N]5)C1=CC=C(C=C1)C#[N])C1=CC=C(C=C1)C([F])([F])[F])C1=CC=C(C=C1)C#[N])C1=CC=C(C=C1)C([F])([F])[F].[Ni],-6.022971276,-3.13747442,2.885496856
C4=CC5=C(C1=CC=C([N]1)C(=C2C=CC(=N2)C(=C3C=CC(=N3)C(=C4[N]5)C1=CC=C(C=C1)C#C)C1=CC=C(C=C1)[Br])C1=CC=C(C=C1)C#C)C1=CC=C(C=C1)[Br].[Ni],-5.579153342,-2.717874632,2.86127871
C4=CC5=C(C1=CC=C([N]1)C(=C2C=CC(=N2)C(=C3C=CC(=N3)C(=C4[N]5)C1=CC=C(C=C1)C#C)C1=CC=C(C=C1)C(C)(C)C)C1=CC=C(C=C1)C#C)C1=CC=C(C=C1)C(C)(C)C.[Ni],-5.347312214,-2.504537256,2.842774958
C4=CC5=C(C1=CC=C([N]1)C(=C2C=CC(=N2)C(=C3C=CC(=N3)C(=C4[N]5)C1=CC=C(C=C1)C#C)C1=CC=C(C=C1)[N](C)C)C1=CC=C(C=C1)C#C)C1=CC=C(C=C1)[N](C)C.[Ni],-4.993836128,-2.36058895,2.633247178
C4=CC5=C(C1=CC=C([N]1)C(=C2C=CC(=N2)C(=C3C=CC(=N3)C(=C4[N]5)C1=CC=C(C=C1)C#C)C1=CC=C(C=C1)OC)C1=CC=C(C=C1)C#C)C1=CC=C(C=C1)OC.[Ni],-5.30758357,-2.487666188,2.819917382
C4=CC5=C(C1=CC=C([N]1)C(=C2C=CC(=N2)C(=C3C=CC(=N3)C(=C4[N]5)C1=CC=C(C=C1)C#C)C1=CC=C(C=C1)[N]([H])[H])C1=CC=C(C=C1)C#C)C1=CC=C(C=C1)[N]([H])[H].[Ni],-5.188669752,-2.401950278,2.786719474
C4=CC5=C(C1=CC=C([N]1)C(=C2C=CC(=N2)C(=C3C=CC(=N3)C(=C4[N]5)C1=CC=C(C=C1)C#C)C1(=C(C(=C(C(=C1[F])[F])[F])[F])[F]))C1=CC=C(C=C1)C#C)C1(=C(C(=C(C(=C1[F])[F])[F])[F])[F]).[Ni],-5.889635416,-3.012029866,2.87760555
C4=CC5=C(C1=CC=C([N]1)C(=C2C=CC(=N2)C(=C3C=CC(=N3)C(=C4[N]5)C1=CC=C(C=C1)C#C)C1=CC=C(C=C1)[N+](=O)[O-])C1=CC=C(C=C1)C#C)C1=CC=C(C=C1)[N+](=O)[O-].[Ni],-5.855621166,-3.20822406,2.647397106
C4=CC5=C(C1=CC=C([N]1)C(=C2C=CC(=N2)C(=C3C=CC(=N3)C(=C4[N]5)C1=CC=C(C=C1)C#C)C1=CC=C(C=C1)C([F])([F])[F])C1=CC=C(C=C1)C#C)C1=CC=C(C=C1)C([F])([F])[F].[Ni],-5.720380508,-2.815291444,2.905089064
C4=CC5=C(C1=CC=C([N]1)C(=C2C=CC(=N2)C(=C3C=CC(=N3)C(=C4[N]5)C1=CC=C(C=C1)[Br])C1=CC=C(C=C1)C(C)(C)C)C1=CC=C(C=C1)[Br])C1=CC=C(C=C1)C(C)(C)C.[Ni],-5.406360952,-2.552973548,2.853387404
C4=CC5=C(C1=CC=C([N]1)C(=C2C=CC(=N2)C(=C3C=CC(=N3)C(=C4[N]5)C1=CC=C(C=C1)[Br])C1=CC=C(C=C1)[N](C)C)C1=CC=C(C=C1)[Br])C1=CC=C(C=C1)[N](C)C.[Ni],-5.090980826,-2.38371864,2.707262186
C4=CC5=C(C1=CC=C([N]1)C(=C2C=CC(=N2)C(=C3C=CC(=N3)C(=C4[N]5)C1=CC=C(C=C1)[Br])C1=CC=C(C=C1)OC)C1=CC=C(C=C1)[Br])C1=CC=C(C=C1)OC.[Ni],-5.36472751,-2.529843858,2.834883652
C4=CC5=C(C1=CC=C([N]1)C(=C2C=CC(=N2)C(=C3C=CC(=N3)C(=C4[N]5)C1=CC=C(C=C1)[Br])C1=CC=C(C=C1)[N]([H])[H])C1=CC=C(C=C1)[Br])C1=CC=C(C=C1)[N]([H])[H].[Ni],-5.23003108,-2.45038657,2.77964451
C4=CC5=C(C1=CC=C([N]1)C(=C2C=CC(=N2)C(=C3C=CC(=N3)C(=C4[N]5)C1=CC=C(C=C1)[Br])C1(=C(C(=C(C(=C1[F])[F])[F])[F])[F]))C1=CC=C(C=C1)[Br])C1(=C(C(=C(C(=C1[F])[F])[F])[F])[F]).[Ni],-5.969909046,-3.071350718,2.898558328
C4=CC5=C(C1=CC=C([N]1)C(=C2C=CC(=N2)C(=C3C=CC(=N3)C(=C4[N]5)C1=CC=C(C=C1)[Br])C1=CC=C(C=C1)[N+](=O)[O-])C1=CC=C(C=C1)[Br])C1=CC=C(C=C1)[N+](=O)[O-].[Ni],-5.94841204,-3.201149096,2.747262944
C4=CC5=C(C1=CC=C([N]1)C(=C2C=CC(=N2)C(=C3C=CC(=N3)C(=C4[N]5)C1=CC=C(C=C1)[Br])C1=CC=C(C=C1)C([F])([F])[F])C1=CC=C(C=C1)[Br])C1=CC=C(C=C1)C([F])([F])[F].[Ni],-5.761197608,-2.878421892,2.882775716
C4=CC5=C(C1=CC=C([N]1)C(=C2C=CC(=N2)C(=C3C=CC(=N3)C(=C4[N]5)C1=CC=C(C=C1)C(C)(C)C)C1=CC=C(C=C1)[N](C)C)C1=CC=C(C=C1)C(C)(C)C)C1=CC=C(C=C1)[N](C)C.[Ni],-4.886623212,-2.14289775,2.743725462
C4=CC5=C(C1=CC=C([N]1)C(=C2C=CC(=N2)C(=C3C=CC(=N3)C(=C4[N]5)C1=CC=C(C=C1)C(C)(C)C)C1=CC=C(C=C1)OC)C1=CC=C(C=C1)C(C)(C)C)C1=CC=C(C=C1)OC.[Ni],-5.133702724,-2.289022968,2.844679756
C4=CC5=C(C1=CC=C([N]1)C(=C2C=CC(=N2)C(=C3C=CC(=N3)C(=C4[N]5)C1=CC=C(C=C1)C(C)(C)C)C1=CC=C(C=C1)[N]([H])[H])C1=CC=C(C=C1)C(C)(C)C)C1=CC=C(C=C1)[N]([H])[H].[Ni],-5.012611994,-2.21228682,2.800325174
C4=CC5=C(C1=CC=C([N]1)C(=C2C=CC(=N2)C(=C3C=CC(=N3)C(=C4[N]5)C1=CC=C(C=C1)C(C)(C)C)C1(=C(C(=C(C(=C1[F])[F])[F])[F])[F]))C1=CC=C(C=C1)C(C)(C)C)C1(=C(C(=C(C(=C1[F])[F])[F])[F])[F]).[Ni],-5.719564166,-2.854747974,2.864816192
C4=CC5=C(C1=CC=C([N]1)C(=C2C=CC(=N2)C(=C3C=CC(=N3)C(=C4[N]5)C1=CC=C(C=C1)C(C)(C)C)C1=CC=C(C=C1)[N+](=O)[O-])C1=CC=C(C=C1)C(C)(C)C)C1=CC=C(C=C1)[N+](=O)[O-].[Ni],-5.729904498,-3.031622074,2.698282424
C4=CC5=C(C1=CC=C([N]1)C(=C2C=CC(=N2)C(=C3C=CC(=N3)C(=C4[N]5)C1=CC=C(C=C1)C(C)(C)C)C1=CC=C(C=C1)C([F])([F])[F])C1=CC=C(C=C1)C(C)(C)C)C1=CC=C(C=C1)C([F])([F])[F].[Ni],-5.528268024,-2.668894112,2.859373912
C4=CC5=C(C1=CC=C([N]1)C(=C2C=CC(=N2)C(=C3C=CC(=N3)C(=C4[N]5)C1=CC=C(C=C1)[N](C)C)C1=CC=C(C=C1)OC)C1=CC=C(C=C1)[N](C)C)C1=CC=C(C=C1)OC.[Ni],-4.805805354,-2.114870008,2.690935346
C4=CC5=C(C1=CC=C([N]1)C(=C2C=CC(=N2)C(=C3C=CC(=N3)C(=C4[N]5)C1=CC=C(C=C1)[N](C)C)C1=CC=C(C=C1)[N]([H])[H])C1=CC=C(C=C1)[N](C)C)C1=CC=C(C=C1)[N]([H])[H].[Ni],-4.70485106,-2.024800274,2.680050786
C4=CC5=C(C1=CC=C([N]1)C(=C2C=CC(=N2)C(=C3C=CC(=N3)C(=C4[N]5)C1=CC=C(C=C1)[N](C)C)C1(=C(C(=C(C(=C1[F])[F])[F])[F])[F]))C1=CC=C(C=C1)[N](C)C)C1(=C(C(=C(C(=C1[F])[F])[F])[F])[F]).[Ni],-5.30486243,-2.68440461,2.62045782
C4=CC5=C(C1=CC=C([N]1)C(=C2C=CC(=N2)C(=C3C=CC(=N3)C(=C4[N]5)C1=CC=C(C=C1)[N](C)C)C1=CC=C(C=C1)[N+](=O)[O-])C1=CC=C(C=C1)[N](C)C)C1=CC=C(C=C1)[N+](=O)[O-].[Ni],-5.328808462,-2.91706208,2.411746382
C4=CC5=C(C1=CC=C([N]1)C(=C2C=CC(=N2)C(=C3C=CC(=N3)C(=C4[N]5)C1=CC=C(C=C1)[N](C)C)C1=CC=C(C=C1)C([F])([F])[F])C1=CC=C(C=C1)[N](C)C)C1=CC=C(C=C1)C([F])([F])[F].[Ni],-5.185948612,-2.509707422,2.67624119
C4=CC5=C(C1=CC=C([N]1)C(=C2C=CC(=N2)C(=C3C=CC(=N3)C(=C4[N]5)C1=CC=C(C=C1)OC)C1=CC=C(C=C1)[N]([H])[H])C1=CC=C(C=C1)OC)C1=CC=C(C=C1)[N]([H])[H].[Ni],-4.965536272,-2.18235428,2.783181992
C4=CC5=C(C1=CC=C([N]1)C(=C2C=CC(=N2)C(=C3C=CC(=N3)C(=C4[N]5)C1=CC=C(C=C1)OC)C1(=C(C(=C(C(=C1[F])[F])[F])[F])[F]))C1=CC=C(C=C1)OC)C1(=C(C(=C(C(=C1[F])[F])[F])[F])[F]).[Ni],-5.682828776,-2.837604792,2.845223984
C4=CC5=C(C1=CC=C([N]1)C(=C2C=CC(=N2)C(=C3C=CC(=N3)C(=C4[N]5)C1=CC=C(C=C1)OC)C1=CC=C(C=C1)[N+](=O)[O-])C1=CC=C(C=C1)OC)C1=CC=C(C=C1)[N+](=O)[O-].[Ni],-5.658066402,-3.038424924,2.619641478
C4=CC5=C(C1=CC=C([N]1)C(=C2C=CC(=N2)C(=C3C=CC(=N3)C(=C4[N]5)C1=CC=C(C=C1)OC)C1=CC=C(C=C1)C([F])([F])[F])C1=CC=C(C=C1)OC)C1=CC=C(C=C1)C([F])([F])[F].[Ni],-5.44091943,-2.660458578,2.780460852
C4=CC5=C(C1=CC=C([N]1)C(=C2C=CC(=N2)C(=C3C=CC(=N3)C(=C4[N]5)C1=CC=C(C=C1)[N]([H])[H])C1(=C(C(=C(C(=C1[F])[F])[F])[F])[F]))C1=CC=C(C=C1)[N]([H])[H])C1(=C(C(=C(C(=C1[F])[F])[F])[F])[F]).[Ni],-5.494525888,-2.752705224,2.741820664
C4=CC5=C(C1=CC=C([N]1)C(=C2C=CC(=N2)C(=C3C=CC(=N3)C(=C4[N]5)C1=CC=C(C=C1)[N]([H])[H])C1=CC=C(C=C1)[N+](=O)[O-])C1=CC=C(C=C1)[N]([H])[H])C1=CC=C(C=C1)[N+](=O)[O-].[Ni],-5.46677026,-3.010125068,2.456645192
C4=CC5=C(C1=CC=C([N]1)C(=C2C=CC(=N2)C(=C3C=CC(=N3)C(=C4[N]5)C1=CC=C(C=C1)[N]([H])[H])C1=CC=C(C=C1)C([F])([F])[F])C1=CC=C(C=C1)[N]([H])[H])C1=CC=C(C=C1)C([F])([F])[F].[Ni],-5.336971882,-2.571749414,2.765222468
C4=CC5=C(C1=CC=C([N]1)C(=C2C=CC(=N2)C(=C3C=CC(=N3)C(=C4[N]5)C1(=C(C(=C(C(=C1[F])[F])[F])[F])[F]))C1=CC=C(C=C1)[N+](=O)[O-])C1(=C(C(=C(C(=C1[F])[F])[F])[F])[F]))C1=CC=C(C=C1)[N+](=O)[O-].[Ni],-6.253451834,-3.34836277,2.905089064
C4=CC5=C(C1=CC=C([N]1)C(=C2C=CC(=N2)C(=C3C=CC(=N3)C(=C4[N]5)C1(=C(C(=C(C(=C1[F])[F])[F])[F])[F]))C1=CC=C(C=C1)C([F])([F])[F])C1(=C(C(=C(C(=C1[F])[F])[F])[F])[F]))C1=CC=C(C=C1)C([F])([F])[F].[Ni],-6.088278636,-3.173121354,2.915157282
C4=CC5=C(C1=CC=C([N]1)C(=C2C=CC(=N2)C(=C3C=CC(=N3)C(=C4[N]5)C1=CC=C(C=C1)[N+](=O)[O-])C1=CC=C(C=C1)C([F])([F])[F])C1=CC=C(C=C1)[N+](=O)[O-])C1=CC=C(C=C1)C([F])([F])[F].[Ni],-6.0681422,-3.289041918,2.779100282
C4=CC5=C(C1=CC=C([N]1)C(=C2C=CC(=N2)C(=C3C=CC(=N3)C(=C4[N]5)C1=CC=C(C=C1)C#[N])C1=CC=CC(=C1)OC)C1=CC=C(C=C1)C#[N])C1=CC=CC(=C1)OC.[Ni],-5.66133177,-2.80549534,2.85583643
C4=CC5=C(C1=CC=C([N]1)C(=C2C=CC(=N2)C(=C3C=CC(=N3)C(=C4[N]5)C1=CC=C(C=C1)C#C)C1=CC=CC(=C1)OC)C1=CC=C(C=C1)C#C)C1=CC=CC(=C1)OC.[Ni],-5.380510122,-2.516510272,2.86399985
C4=CC5=C(C1=CC=C([N]1)C(=C2C=CC(=N2)C(=C3C=CC(=N3)C(=C4[N]5)C1=CC=C(C=C1)[Br])C1=CC=CC(=C1)OC)C1=CC=C(C=C1)[Br])C1=CC=CC(=C1)OC.[Ni],-5.425408932,-2.519503526,2.905905406
C4=CC5=C(C1=CC=C([N]1)C(=C2C=CC(=N2)C(=C3C=CC(=N3)C(=C4[N]5)C1=CC=C(C=C1)[N](C)C)C1=CC=CC(=C1)OC)C1=CC=C(C=C1)[N](C)C)C1=CC=CC(=C1)OC.[Ni],-4.882269388,-2.15786402,2.724405368
C4=CC5=C(C1=CC=C([N]1)C(=C2C=CC(=N2)C(=C3C=CC(=N3)C(=C4[N]5)C1(=C(C(=C(C(=C1[F])[F])[F])[F])[F]))C1=CC=CC(=C1)OC)C1(=C(C(=C(C(=C1[F])[F])[F])[F])[F]))C1=CC=CC(=C1)OC.[Ni],-5.699155616,-2.829441372,2.869714244
C4=CC5=C(C1=CC=C([N]1)C(=C2C=CC(=N2)C(=C3C=CC(=N3)C(=C4[N]5)C1=CC=C(C=C1)[N+](=O)[O-])C1=CC=CC(=C1)OC)C1=CC=C(C=C1)[N+](=O)[O-])C1=CC=CC(=C1)OC.[Ni],-5.746503452,-3.044139318,2.702364134
C4=CC5=C(C1=CC=C([N]1)C(=C2C=CC(=N2)C(=C3C=CC(=N3)C(=C4[N]5)C1=CC=C(C=C1)C([F])([F])[F])C1=CC=CC(=C1)OC)C1=CC=C(C=C1)C([F])([F])[F])C1=CC=CC(=C1)OC.[Ni],-5.529628594,-2.6395058,2.890122794
C4=CC5=C(C1=CC=C([N]1)C(=C2C=CC(=N2)C(=C3C=CC(=N3)C(=C4[N]5)C1=CC=C(C=C1)C)C1=CC=C(C=C1)C)C1=CC=C(C=C1)C)C1=CC=C(C=C1)C.[Cu],-5.198193742,-2.369568712,2.82862503
C4=CC5=C(C1=CC=C([N]1)C(=C2C=CC(=N2)C(=C3C=CC(=N3)C(=C4[N]5)C1=CC=CC=C1)C1=CC=CC=C1)C1=CC=CC=C1)C1=CC=CC=C1.[Cu],-5.302413404,-2.475148944,2.82726446
C4=CC5=C(C1=CC=C([N]1)C(=C2C=CC(=N2)C(=C3C=CC(=N3)C(=C4[N]5)C1=CC=C(C=C1)[Cl])C1=CC=C(C=C1)[Cl])C1=CC=C(C=C1)[Cl])C1=CC=C(C=C1)[Cl].[Cu],-5.633031914,-2.7891685,2.843863414
C4=CC5=C(C1=CC=C([N]1)C(=C2C=CC(=N2)C(=C3C=CC(=N3)C(=C4[N]5)C1=CC(=CC=C1)[Cl])C1=CC(=CC=C1)[Cl])C1=CC(=CC=C1)[Cl])C1=CC(=CC=C1)[Cl].[Cu],-5.642011676,-2.773113774,2.868897902
C4=CC5=C(C1=CC=C([N]1)C(=C2C=CC(=N2)C(=C3C=CC(=N3)C(=C4[N]5)C1=C(C=CC=C1)[Cl])C1=C(C=CC=C1)[Cl])C1=C(C=CC=C1)[Cl])C1=C(C=CC=C1)[Cl].[Cu],-5.471396198,-2.540728418,2.93066778
C4=CC5=C(C1=CC=C([N]1)C(=C2C=CC(=N2)C(=C3C=CC(=N3)C(=C4[N]5)C1=C(C=CC(=C1[Cl])[Cl])[Cl])C1=C(C=CC(=C1[Cl])[Cl])[Cl])C1=C(C=CC(=C1[Cl])[Cl])[Cl])C1=C(C=CC(=C1[Cl])[Cl])[Cl].[Cu],-5.727455472,-2.803590542,2.92386493
C4=CC5=C(C1=CC=C([N]1)C(=C2C=CC(=N2)C(=C3C=CC(=N3)C(=C4[N]5)C1=CC=C(C=C1)C(=O)O)C1=CC=C(C=C1)C(=O)O)C1=CC=C(C=C1)C(=O)O)C1=CC=C(C=C1)C(=O)O.[Cu],-6.044740396,-3.190808764,2.853931632
C4=CC5=C(C1=CC=C([N]1)C(=C2C=CC(=N2)C(=C3C=CC(=N3)C(=C4[N]5)C1=CC=C(C=C1)C)C1=CC=C(C=C1)C)C1=CC=C(C=C1)C)C1=CC=C(C=C1)C.[Zn],-5.164995834,-2.400317594,2.76467824
C4=CC5=C(C1=CC=C([N]1)C(=C2C=CC(=N2)C(=C3C=CC(=N3)C(=C4[N]5)C1=CC=CC=C1)C1=CC=CC=C1)C1=CC=CC=C1)C1=CC=CC=C1.[Zn],-5.283637538,-2.499094976,2.784542562
C4=CC5=C(C1=CC=C([N]1)C(=C2C=CC(=N2)C(=C3C=CC(=N3)C(=C4[N]5)C1=CC=C(C=C1)[Cl])C1=CC=C(C=C1)[Cl])C1=CC=C(C=C1)[Cl])C1=CC=C(C=C1)[Cl].[Zn],-5.593031156,-2.8163799,2.776651256
C4=CC5=C(C1=CC=C([N]1)C(=C2C=CC(=N2)C(=C3C=CC(=N3)C(=C4[N]5)C1=CC(=CC=C1)[Cl])C1=CC(=CC=C1)[Cl])C1=CC(=CC=C1)[Cl])C1=CC(=CC=C1)[Cl].[Zn],-5.604732058,-2.801685744,2.803046314
C4=CC5=C(C1=CC=C([N]1)C(=C2C=CC(=N2)C(=C3C=CC(=N3)C(=C4[N]5)C1=C(C=CC=C1)[Cl])C1=C(C=CC=C1)[Cl])C1=C(C=CC=C1)[Cl])C1=C(C=CC=C1)[Cl].[Zn],-5.446089596,-2.56739559,2.878694006
C4=CC5=C(C1=CC=C([N]1)C(=C2C=CC(=N2)C(=C3C=CC(=N3)C(=C4[N]5)C1=C(C=CC(=C1[Cl])[Cl])[Cl])C1=C(C=CC(=C1[Cl])[Cl])[Cl])C1=C(C=CC(=C1[Cl])[Cl])[Cl])C1=C(C=CC(=C1[Cl])[Cl])[Cl].[Zn],-5.712217088,-2.827808688,2.8844084
C4=CC5=C(C1=CC=C([N]1)C(=C2C=CC(=N2)C(=C3C=CC(=N3)C(=C4[N]5)C1=C(C=CC=C1)C)C1=C(C=CC=C1)C)C1=C(C=CC=C1)C)C1=C(C=CC=C1)C.[Zn],-5.357380432,-2.507802624,2.849577808
C4=CC5=C(C1=CC=C([N]1)C(=C2C=CC(=N2)C(=C3C=CC(=N3)C(=C4[N]5)C1=CC=C(C=C1)C(=O)O)C1=CC=C(C=C1)C(=O)O)C1=CC=C(C=C1)C(=O)O)C1=CC=C(C=C1)C(=O)O.[Zn],-6.011270374,-3.22999318,2.781277194
C4=CC5=C(C1=CC=C([N]1)C(=C2C=CC(=N2)C(=C3C=CC(=N3)C(=C4[N]5)C1=CC=CC=C1OC)C1=CC=CC=C1OC)C1=CC=CC=C1OC)C1=CC=CC=C1OC.[Co],-5.016149476,-2.07759039,2.938559086
C4=CC5=C(C1=CC=C([N]1)C(=C2C=CC(=N2)C(=C3C=CC(=N3)C(=C4[N]5)C1=CC=CC(=C1)OC)C1=CC=CC(=C1)OC)C1=CC=CC(=C1)OC)C1=CC=CC(=C1)OC.[Co],-5.320645042,-2.394875314,2.925769728
C4=CC5=C(C1=CC=C([N]1)C(=C2C=CC(=N2)C(=C3C=CC(=N3)C(=C4[N]5)C1=CC=C(C=C1)OC)C1=CC=C(C=C1)OC)C1=CC=C(C=C1)OC)C1=CC=C(C=C1)OC.[Co],-5.125539304,-2.25310392,2.872435384
C4=CC5=C(C1=CC=C([N]1)C(=C2C=CC(=N2)C(=C3C=CC(=N3)C(=C4[N]5)C1=C(C=CC=C1)C)C1=C(C=CC=C1)C)C1=C(C=CC=C1)C)C1=C(C=CC=C1)C.[Co],-5.399013874,-2.41773289,2.981280984
C4=CC5=C(C1=CC=C([N]1)C(=C2C=CC(=N2)C(=C3C=CC(=N3)C(=C4[N]5)C1=CC(=CC=C1)C)C1=CC(=CC=C1)C)C1=CC(=CC=C1)C)C1=CC(=CC=C1)C.[Co],-5.24907906,-2.319227622,2.929851438
C4=CC5=C(C1=CC=C([N]1)C(=C2C=CC(=N2)C(=C3C=CC(=N3)C(=C4[N]5)C1=CC=C(C=C1)C)C1=CC=C(C=C1)C)C1=CC=C(C=C1)C)C1=CC=C(C=C1)C.[Co],-5.20690139,-2.293648906,2.913252484
C4=CC5=C(C1=CC=C([N]1)C(=C2C=CC(=N2)C(=C3C=CC(=N3)C(=C4[N]5)C1=CC=C(C=C1)C2=CC=CC=C2)C1=CC=C(C=C1)C2=CC=CC=C2)C1=CC=C(C=C1)C2=CC=CC=C2)C1=CC=C(C=C1)C2=CC=CC=C2.[Co],-5.308672026,-2.425079968,2.883592058
C4=CC5=C(C1=CC=C([N]1)C(=C2C=CC(=N2)C(=C3C=CC(=N3)C(=C4[N]5)C1=CC=CC=C1)C1=CC=CC=C1)C1=CC=CC=C1)C1=CC=CC=C1.[Co],-5.335067084,-2.396235884,2.9388312
C4=CC5=C(C1=CC=C([N]1)C(=C2C=CC(=N2)C(=C3C=CC(=N3)C(=C4[N]5)C1=CC=C(C=C1)[F])C1=CC=C(C=C1)[F])C1=CC=C(C=C1)[F])C1=CC=C(C=C1)[F].[Co],-5.5647313,-2.633247178,2.931484122
C4=CC5=C(C1=CC=C([N]1)C(=C2C=CC(=N2)C(=C3C=CC(=N3)C(=C4[N]5)C1=C(C=CC=C1)[Cl])C1=C(C=CC=C1)[Cl])C1=C(C=CC=C1)[Cl])C1=C(C=CC=C1)[Cl].[Co],-5.462144322,-2.46399227,2.998152052
C4=CC5=C(C1=CC=C([N]1)C(=C2C=CC(=N2)C(=C3C=CC(=N3)C(=C4[N]5)C1=CC(=CC=C1)[Cl])C1=CC(=CC=C1)[Cl])C1=CC(=CC=C1)[Cl])C1=CC(=CC=C1)[Cl].[Co],-5.65044721,-2.70481316,2.94563405
C4=CC5=C(C1=CC=C([N]1)C(=C2C=CC(=N2)C(=C3C=CC(=N3)C(=C4[N]5)C1=CC=C(C=C1)[Cl])C1=CC=C(C=C1)[Cl])C1=CC=C(C=C1)[Cl])C1=CC=C(C=C1)[Cl].[Co],-5.640378992,-2.71297658,2.927402412
C4=CC5=C(C1=CC=C([N]1)C(=C2C=CC(=N2)C(=C3C=CC(=N3)C(=C4[N]5)C1=CC=C(C=C1)C(=O)O)C1=CC=C(C=C1)C(=O)O)C1=CC=C(C=C1)C(=O)O)C1=CC=C(C=C1)C(=O)O.[Co],-5.761469722,-2.837876906,2.923592816
C4=CC5=C(C1=CC=C([N]1)C(=C2C=CC(=N2)C(=C3C=CC(=N3)C(=C4[N]5)C1=CC=CC=C1C#[N])C1=CC=CC=C1C#[N])C1=CC=CC=C1C#[N])C1=CC=CC=C1C#[N].[Co],-5.696978704,-2.747262944,2.94971576
C4=CC5=C(C1=CC=C([N]1)C(=C2C=CC(=N2)C(=C3C=CC(=N3)C(=C4[N]5)C1=CC=CC(=C1)C#[N])C1=CC=CC(=C1)C#[N])C1=CC=CC(=C1)C#[N])C1=CC=CC(=C1)C#[N].[Co],-6.04501251,-3.135297508,2.909715002
C4=CC5=C(C1=CC=C([N]1)C(=C2C=CC(=N2)C(=C3C=CC(=N3)C(=C4[N]5)C1=CC=C(C=C1)C#[N])C1=CC=C(C=C1)C#[N])C1=CC=C(C=C1)C#[N])C1=CC=C(C=C1)C#[N].[Co],-6.132361104,-3.252306528,2.880054576
C4=CC5=C(C1=CC=C([N]1)C(=C2C=CC(=N2)C(=C3C=CC(=N3)C(=C4[N]5)C1=C(C=CC=C1)[N+](=O)[O-])C1=C(C=CC=C1)[N+](=O)[O-])C1=C(C=CC=C1)[N+](=O)[O-])C1=C(C=CC=C1)[N+](=O)[O-].[Co],-5.570717808,-2.750528312,2.820189496
C4=CC5=C(C1=CC=C([N]1)C(=C2C=CC(=N2)C(=C3C=CC(=N3)C(=C4[N]5)C1=CC(=CC=C1)[N+](=O)[O-])C1=CC(=CC=C1)[N+](=O)[O-])C1=CC(=CC=C1)[N+](=O)[O-])C1=CC(=CC=C1)[N+](=O)[O-].[Co],-6.083924812,-3.2381566,2.845768212
C4=CC5=C(C1=CC=C([N]1)C(=C2C=CC(=N2)C(=C3C=CC(=N3)C(=C4[N]5)C1=CC=C(C=C1)[N+](=O)[O-])C1=CC=C(C=C1)[N+](=O)[O-])C1=CC=C(C=C1)[N+](=O)[O-])C1=CC=C(C=C1)[N+](=O)[O-].[Co],-6.243927844,-3.423466234,2.82046161
C4=CC5=C(C1=CC=C([N]1)C(=C2C=CC(=N2)C(=C3C=CC(=N3)C(=C4[N]5)C1=CC=CC(=C1[Cl])[Cl])C1=CC=CC(=C1[Cl])[Cl])C1=CC=CC(=C1[Cl])[Cl])C1=CC=CC(=C1[Cl])[Cl].[Co],-5.683645118,-2.687942092,2.995703026
C4=CC5=C(C1=CC=C([N]1)C(=C2C=CC(=N2)C(=C3C=CC(=N3)C(=C4[N]5)C1=CC=C(C=C1Cl)[Cl])C1=CC=C(C=C1Cl)[Cl])C1=CC=C(C=C1Cl)[Cl])C1=CC=C(C=C1Cl)[Cl].[Co],-5.748952478,-2.762229214,2.986723264
C4=CC5=C(C1=CC=C([N]1)C(=C2C=CC(=N2)C(=C3C=CC(=N3)C(=C4[N]5)C1=CC(=CC=C1Cl)[Cl])C1=CC(=CC=C1Cl)[Cl])C1=CC(=CC=C1Cl)[Cl])C1=CC(=CC=C1Cl)[Cl].[Co],-5.725822788,-2.749439856,2.976382932
C4=CC5=C(C1=CC=C([N]1)C(=C2C=CC(=N2)C(=C3C=CC(=N3)C(=C4[N]5)C1=C(C=CC=C1Cl)[Cl])C1=C(C=CC=C1Cl)[Cl])C1=C(C=CC=C1Cl)[Cl])C1=C(C=CC=C1Cl)[Cl].[Co],-5.49262109,-2.518959298,2.973661792
C4=CC5=C(C1=CC=C([N]1)C(=C2C=CC(=N2)C(=C3C=CC(=N3)C(=C4[N]5)C1=C(C=CC(=C1[Cl])[Cl])[Cl])C1=C(C=CC(=C1[Cl])[Cl])[Cl])C1=C(C=CC(=C1[Cl])[Cl])[Cl])C1=C(C=CC(=C1[Cl])[Cl])[Cl].[Co],-5.695618134,-2.728759192,2.966858942
C4=CC5=C(C1=CC=C([N]1)C(=C2C=CC(=N2)C(=C3C=CC(=N3)C(=C4[N]5)C1(=C(C(=C(C(=C1[F])[F])[F])[F])[F]))C1(=C(C(=C(C(=C1[F])[F])[F])[F])[F]))C1(=C(C(=C(C(=C1[F])[F])[F])[F])[F]))C1(=C(C(=C(C(=C1[F])[F])[F])[F])[F]).[Co],-6.190049272,-3.248496932,2.94155234
C4=CC5=C(C1=CC=C([N]1)C(=C2C=CC(=N2)C(=C3C=CC(=N3)C(=C4[N]5)C1=CC=CC=C1OC)C1=CC=CC=C1OC)C1=CC=CC=C1OC)C1=CC=CC=C1OC.[Mn],-5.006625486,-2.282220118,2.724405368
C4=CC5=C(C1=CC=C([N]1)C(=C2C=CC(=N2)C(=C3C=CC(=N3)C(=C4[N]5)C1=CC=C(C=C1)OC)C1=CC=C(C=C1)OC)C1=CC=C(C=C1)OC)C1=CC=C(C=C1)OC.[Mn],-5.121729708,-2.56739559,2.554334118
C4=CC5=C(C1=CC=C([N]1)C(=C2C=CC(=N2)C(=C3C=CC(=N3)C(=C4[N]5)C1=CC=C(C=C1)C)C1=CC=C(C=C1)C)C1=CC=C(C=C1)C)C1=CC=C(C=C1)C.[Mn],-5.201186996,-2.490659442,2.710527554
C4=CC5=C(C1=CC=C([N]1)C(=C2C=CC(=N2)C(=C3C=CC(=N3)C(=C4[N]5)C1=CC=CC=C1)C1=CC=CC=C1)C1=CC=CC=C1)C1=CC=CC=C1.[Mn],-5.309216254,-2.59052528,2.718690974
C4=CC5=C(C1=CC=C([N]1)C(=C2C=CC(=N2)C(=C3C=CC(=N3)C(=C4[N]5)C1=CC=C(C=C1)[F])C1=CC=C(C=C1)[F])C1=CC=C(C=C1)[F])C1=CC=C(C=C1)[F].[Mn],-5.558744792,-2.82318275,2.735562042
C4=CC5=C(C1=CC=C([N]1)C(=C2C=CC(=N2)C(=C3C=CC(=N3)C(=C4[N]5)C1=C(C=CC=C1)[Cl])C1=C(C=CC=C1)[Cl])C1=C(C=CC=C1)[Cl])C1=C(C=CC=C1)[Cl].[Mn],-5.47629425,-2.641954826,2.834339424
C4=CC5=C(C1=CC=C([N]1)C(=C2C=CC(=N2)C(=C3C=CC(=N3)C(=C4[N]5)C1=CC(=CC=C1)[Cl])C1=CC(=CC=C1)[Cl])C1=CC(=CC=C1)[Cl])C1=CC(=CC=C1)[Cl].[Mn],-5.638474194,-2.862367166,2.776107028
C4=CC5=C(C1=CC=C([N]1)C(=C2C=CC(=N2)C(=C3C=CC(=N3)C(=C4[N]5)C1=CC=C(C=C1)[Cl])C1=CC=C(C=C1)[Cl])C1=CC=C(C=C1)[Cl])C1=CC=C(C=C1)[Cl].[Mn],-5.633848256,-2.894748732,2.739099524
C4=CC5=C(C1=CC=C([N]1)C(=C2C=CC(=N2)C(=C3C=CC(=N3)C(=C4[N]5)C1=CC=C(C=C1)C(=O)O)C1=CC=C(C=C1)C(=O)O)C1=CC=C(C=C1)C(=O)O)C1=CC=C(C=C1)C(=O)O.[Mn],-5.748952478,-2.98373001,2.765222468
C4=CC5=C(C1=CC=C([N]1)C(=C2C=CC(=N2)C(=C3C=CC(=N3)C(=C4[N]5)C1=CC=C(C=C1)C#[N])C1=CC=C(C=C1)C#[N])C1=CC=C(C=C1)C#[N])C1=CC=C(C=C1)C#[N].[Mn],-6.12936785,-3.373669372,2.755698478
C4=CC5=C(C1=CC=C([N]1)C(=C2C=CC(=N2)C(=C3C=CC(=N3)C(=C4[N]5)C1=CC=C(C=C1)[N+](=O)[O-])C1=CC=C(C=C1)[N+](=O)[O-])C1=CC=C(C=C1)[N+](=O)[O-])C1=CC=C(C=C1)[N+](=O)[O-].[Mn],-6.236580766,-3.463739106,2.77284166
C4=CC5=C(C1=CC=C([N]1)C(=C2C=CC(=N2)C(=C3C=CC(=N3)C(=C4[N]5)C1=CC(=CC=C1Cl)[Cl])C1=CC(=CC=C1Cl)[Cl])C1=CC(=CC=C1Cl)[Cl])C1=CC(=CC=C1Cl)[Cl].[Mn],-5.742693856,-2.897741986,2.84495187
C4=CC5=C(C1=CC=C([N]1)C(=C2C=CC(=N2)C(=C3C=CC(=N3)C(=C4[N]5)C1=C(C=CC=C1Cl)[Cl])C1=C(C=CC=C1Cl)[Cl])C1=C(C=CC=C1Cl)[Cl])C1=C(C=CC=C1Cl)[Cl].[Mn],-5.49534223,-2.64222694,2.85311529
C4=CC5=C(C1=CC=C([N]1)C(=C2C=CC(=N2)C(=C3C=CC(=N3)C(=C4[N]5)C1=C(C=CC(=C1[Cl])[Cl])[Cl])C1=C(C=CC(=C1[Cl])[Cl])[Cl])C1=C(C=CC(=C1[Cl])[Cl])[Cl])C1=C(C=CC(=C1[Cl])[Cl])[Cl].[Mn],-5.701332528,-2.856924886,2.844407642
C4=CC5=C(C1=CC=C([N]1)C(=C2C=CC(=N2)C(=C3C=CC(=N3)C(=C4[N]5)C1(=C(C(=C(C(=C1[F])[F])[F])[F])[F]))C1(=C(C(=C(C(=C1[F])[F])[F])[F])[F]))C1(=C(C(=C(C(=C1[F])[F])[F])[F])[F]))C1(=C(C(=C(C(=C1[F])[F])[F])[F])[F]).[Mn],-6.19331464,-3.3197908,2.87352384
C4=CC5=C(C1=CC=C([N]1)C(=C2C=CC(=N2)C(=C3C=CC(=N3)C(=C4[N]5)C1=CC=C(C=C1)C)C1=CC=C(C=C1)C)C1=CC=C(C=C1)C)C1=CC=C(C=C1)C.[Fe],-5.183499586,-2.83678845,2.346711136
C4=CC5=C(C1=CC=C([N]1)C(=C2C=CC(=N2)C(=C3C=CC(=N3)C(=C4[N]5)C1=CC=CC=C1)C1=CC=CC=C1)C1=CC=CC=C1)C1=CC=CC=C1.[Fe],-5.29533844,-2.916789966,2.378548474
C4=CC5=C(C1=CC=C([N]1)C(=C2C=CC(=N2)C(=C3C=CC(=N3)C(=C4[N]5)C1=C(C=CC=C1)[Cl])C1=C(C=CC=C1)[Cl])C1=C(C=CC=C1)[Cl])C1=C(C=CC=C1)[Cl].[Fe],-5.457518384,-2.943729252,2.513789132
C4=CC5=C(C1=CC=C([N]1)C(=C2C=CC(=N2)C(=C3C=CC(=N3)C(=C4[N]5)C1=CC(=CC=C1)[Cl])C1=CC(=CC=C1)[Cl])C1=CC(=CC=C1)[Cl])C1=CC(=CC=C1)[Cl].[Fe],-5.627045406,-3.198427956,2.42861745
C4=CC5=C(C1=CC=C([N]1)C(=C2C=CC(=N2)C(=C3C=CC(=N3)C(=C4[N]5)C1=CC=C(C=C1)[Cl])C1=CC=C(C=C1)[Cl])C1=CC=C(C=C1)[Cl])C1=CC=C(C=C1)[Cl].[Fe],-5.621058898,-3.215843252,2.405215646
C4=CC5=C(C1=CC=C([N]1)C(=C2C=CC(=N2)C(=C3C=CC(=N3)C(=C4[N]5)C1=CC=C(C=C1)C(=O)O)C1=CC=C(C=C1)C(=O)O)C1=CC=C(C=C1)C(=O)O)C1=CC=C(C=C1)C(=O)O.[Fe],-5.731537182,-3.299926478,2.431610704
C4=CC5=C(C1=CC=C([N]1)C(=C2C=CC(=N2)C(=C3C=CC(=N3)C(=C4[N]5)C1=C(C=CC(=C1[Cl])[Cl])[Cl])C1=C(C=CC(=C1[Cl])[Cl])[Cl])C1=C(C=CC(=C1[Cl])[Cl])[Cl])C1=C(C=CC(=C1[Cl])[Cl])[Cl].[Fe],-5.68854317,-3.177203064,2.511340106
C4=CC5=C(C1=CC=C([N]1)C(=C2C=CC(=N2)C(=C3C=CC(=N3)C(=C4[N]5)C1=CC=C(C=C1)C)C1=CC=C(C=C1)C)C1=CC=C(C=C1)C)C1=CC=C(C=C1)C.[Ni],-5.197921628,-2.321948762,2.875972866
C4=CC5=C(C1=CC=C([N]1)C(=C2C=CC(=N2)C(=C3C=CC(=N3)C(=C4[N]5)C1=CC=CC=C1)C1=CC=CC=C1)C1=CC=CC=C1)C1=CC=CC=C1.[Ni],-5.333706514,-2.42725688,2.906449634
C4=CC5=C(C1=CC=C([N]1)C(=C2C=CC(=N2)C(=C3C=CC(=N3)C(=C4[N]5)C1=C(C=CC=C1)[Cl])C1=C(C=CC=C1)[Cl])C1=C(C=CC=C1)[Cl])C1=C(C=CC=C1)[Cl].[Ni],-5.474389452,-2.479502768,2.994886684
C4=CC5=C(C1=CC=C([N]1)C(=C2C=CC(=N2)C(=C3C=CC(=N3)C(=C4[N]5)C1=CC(=CC=C1)[Cl])C1=CC(=CC=C1)[Cl])C1=CC(=CC=C1)[Cl])C1=CC(=CC=C1)[Cl].[Ni],-5.653984692,-2.725493824,2.928490868
C4=CC5=C(C1=CC=C([N]1)C(=C2C=CC(=N2)C(=C3C=CC(=N3)C(=C4[N]5)C1=CC=C(C=C1)[Cl])C1=CC=C(C=C1)[Cl])C1=CC=C(C=C1)[Cl])C1=CC=C(C=C1)[Cl].[Ni],-5.630310774,-2.74018798,2.890122794
C4=CC5=C(C1=CC=C([N]1)C(=C2C=CC(=N2)C(=C3C=CC(=N3)C(=C4[N]5)C1=CC=C(C=C1)C(=O)O)C1=CC=C(C=C1)C(=O)O)C1=CC=C(C=C1)C(=O)O)C1=CC=C(C=C1)C(=O)O.[Ni],-6.060250894,-3.158427198,2.901823696
C4=CC5=C(C1=CC=C([N]1)C(=C2C=CC(=N2)C(=C3C=CC(=N3)C(=C4[N]5)C1=C(C=CC(=C1[Cl])[Cl])[Cl])C1=C(C=CC(=C1[Cl])[Cl])[Cl])C1=C(C=CC(=C1[Cl])[Cl])[Cl])C1=C(C=CC(=C1[Cl])[Cl])[Cl].[Ni],-5.707046922,-2.743997576,2.963049346
C4=CC5=C(C1=CC=C([N]1[H])C(=C2C=CC(=N2)C(=C3C=CC(N3[H])=C(C4=[N]5)C1=CC(=CC(=C1)C(C)(C)C)C(C)(C)C)C1=CC=C(C=C1)N(C2=CC=CC=C2)C3=CC=CC=C3)C1=CC(=CC(=C1)C(C)(C)C)C(C)(C)C)C1=CC=C(C=C1)N(C2=CC=CC=C2)C3=CC=CC=C3,-5.12,-3.29,1.83
C4=CC5=C(C1=CC=C([N]1[H])C(=C2C=CC(=N2)C(=C3C=CC(N3[H])=C(C4=[N]5)C1=CC(=CC(=C1)C(C)(C)C)C(C)(C)C)C1=CC=C(C=C1)C([F])([F])[F])C1=CC(=CC(=C1)C(C)(C)C)C(C)(C)C)C1=CC=C(C=C1)N(C2=CC=CC=C2)C3=CC=CC=C3,-5.27,-3.42,1.85
C4=CC5=C(C1=CC=C([N]1[H])C(=C2C=CC(=N2)C(=C3C=CC(N3[H])=C(C4=[N]5)C1=CC(=CC(=C1)C(C)(C)C)C(C)(C)C)C1=CC=C(C=C1)[F])C1=CC(=CC(=C1)C(C)(C)C)C(C)(C)C)C1=CC=C(C=C1)[F],-5.31,-3.44,1.87
C4=CC5=C(C1=CC=C([N]1[H])C(=C2C=CC(=N2)C(=C3C=CC(N3[H])=C(C4=[N]5)C1=CC(=CC(=C1)C(C)(C)C)C(C)(C)C)C1=CC=C(C=C1)[Cl])C1=CC(=CC(=C1)C(C)(C)C)C(C)(C)C)C1=CC=C(C=C1)[Cl],-5.27,-3.4,1.87
C4=CC5=C(C1=CC=C([N]1[H])C(=C2C=CC(=N2)C(=C3C=CC(N3[H])=C(C4=[N]5)C1=CC(=CC(=C1)C(C)(C)C)C(C)(C)C)C1=CC(=CC(=C1[Cl])[Cl])[Cl])C1=CC(=CC(=C1)C(C)(C)C)C(C)(C)C)C1=CC(=CC(=C1[Cl])[Cl])[Cl],-5.13,-3.25,1.88
C4=CC5=C(C1=CC=C([N]1[H])C(=C2C=CC(=N2)C(=C3C=CC(N3[H])=C(C4=[N]5)C1=CC(=CC(=C1)C(C)(C)C)C(C)(C)C)C1=CC=C(C=C1)C([F])([F])[F])C1=CC(=CC(=C1)C(C)(C)C)C(C)(C)C)C1=CC=C(C=C1)C([F])([F])[F],-5.34,-3.47,1.96
C4=CC5=C(C1=CC=C([N]1[H])C(=C2C=CC(=N2)C(=C3C=CC(N3[H])=C(C4=[N]5)C1=CC(=CC(=C1)C(C)(C)C)C(C)(C)C)C1(=C(C(=C(C(=C1[F])[F])[F])[F])[F]))C1=CC(=CC(=C1)C(C)(C)C)C(C)(C)C)C1(=C(C(=C(C(=C1[F])[F])[F])[F])[F]),-5.33,-3.45,1.97
C4=CC5=C(C1=CC=C([N]1)C(=C2C=CC(=N2)C(=C3C=CC(=N3)C(=C4[N]5)C1=CC(=CC(=C1)C(C)(C)C)C(C)(C)C)C1=CC=C(C=C1)C([F])([F])[F])C1=CC(=CC(=C1)C(C)(C)C)C(C)(C)C)C1=CC=C(C=C1)N(C2=CC=CC=C2)C3=CC=CC=C3.[Zn],-5.08,-3.11,1.97
C4=CC5=C(C1=CC=C([N]1)C(=C2C=CC(=N2)C(=C3C=CC(=N3)C(=C4[N]5)C1=CC(=CC(=C1)C(C)(C)C)C(C)(C)C)C1=CC=C(C=C1)C([F])([F])[F])C1=CC(=CC(=C1)C(C)(C)C)C(C)(C)C)C1=CC=C(C=C1)N(C2=CC=CC=C2)C3=CC=CC=C3.[Co],-5.22,-3.2,2.02
C4=CC5=C(C1=CC=C([N]1)C(=C2C=CC(=N2)C(=C3C=CC(=N3)C(=C4[N]5)C1=CC(=CC(=C1)C(C)(C)C)C(C)(C)C)C1=CC=C(C=C1)C([F])([F])[F])C1=CC(=CC(=C1)C(C)(C)C)C(C)(C)C)C1=CC=C(C=C1)N(C2=CC=CC=C2)C3=CC=CC=C3].[Ni],-5.15,-3.12,2.03
C4=CC5=C(C1=CC=C([N]1)C(=C2C=CC(=N2)C(=C3C=CC(=N3)C(=C4[N]5)C1=CC(=CC(=C1)C(C)(C)C)C(C)(C)C)C1(=C(C(=C(C(=C1[F])[F])[F])[F])[F]))C1=CC(=CC(=C1)C(C)(C)C)C(C)(C)C)C1(=C(C(=C(C(=C1[F])[F])[F])[F])[F]).[Ni],-5.42,-3.27,2.15
C4=CC5=C(C1=CC=C([N]1)C(=C2C=CC(=N2)C(=C3C=CC(=N3)C(=C4[N]5)C1=CC(=CC(=C1)C(C)(C)C)C(C)(C)C)C1=CC(=CC(=C1[Cl])[Cl])[Cl])C1=CC(=CC(=C1)C(C)(C)C)C(C)(C)C)C1=CC(=CC(=C1[Cl])[Cl])[Cl].[Ni],-5.36,-3.2,2.16
C4=CC5=C(C1=CC=C([N]1)C(=C2C=CC(=N2)C(=C3C=CC(=N3)C(=C4[N]5)C1=CC(=CC(=C1)C(C)(C)C)C(C)(C)C)C1=CC=C(C=C1)C([F])([F])[F])C1=CC(=CC(=C1)C(C)(C)C)C(C)(C)C)C1=CC=C(C=C1)C([F])([F])[F].[Ni],-5.34,-3.15,2.19
C4=CC5=C(C1=CC=C([N]1)C(=C2C=CC(=N2)C(=C3C=CC(=N3)C(=C4[N]5)C1=CC(=CC(=C1)C(C)(C)C)C(C)(C)C)C1=CC=C(C=C1)N(C2=CC=CC=C2)C3=CC=CC=C3)C1=CC(=CC(=C1)C(C)(C)C)C(C)(C)C)C1=CC=C(C=C1)N(C2=CC=CC=C2)C3=CC=CC=C3.[Ni],-5.15,-2.94,2.21
C4=CC5=C(C1=CC=C([N]1)C(=C2C=CC(=N2)C(=C3C=CC(=N3)C(=C4[N]5)C1=CC(=CC(=C1)C(C)(C)C)C(C)(C)C)C1=CC=C(C=C1)[F])C1=CC(=CC(=C1)C(C)(C)C)C(C)(C)C)C1=CC=C(C=C1)[F].[Ni],-5.25,-3.04,2.21
C4=CC5=C(C1=CC=C([N]1)C(=C2C=CC(=N2)C(=C3C=CC(=N3)C(=C4[N]5)C1=CC(=CC(=C1)C(C)(C)C)C(C)(C)C)C1=CC=C(C=C1)[Cl])C1=CC(=CC(=C1)C(C)(C)C)C(C)(C)C)C1=CC=C(C=C1)[Cl].[Ni],-5.28,-3.07,2.21
