smiles,HOMO,pre
C4=CC5=C(C1=CC=C([N]1)C(=C2C=CC(=N2)C(=C3C=CC(=N3)C(=C4[N]5)C1=CC=C(C=C1)C(C)(C)C)C1=CC=C(C=C1)[N+](=O)[O-])C1=CC=C(C=C1)C(C)(C)C)C1=CC=C(C=C1)[N+](=O)[O-].[Co],-5.718203596,-5.7181087
C4=CC5=C(C1=CC=C([N]1)C(=C2C=CC(=N2)C(=C3C=CC(=N3)C(=C4[N]5)C1=C(C=CC=C1)[Cl])C1=C(C=CC=C1)[Cl])C1=C(C=CC=C1)[Cl])C1=C(C=CC=C1)[Cl].[Cu],-5.471396198,-5.5599957
C4=CC5=C(C1=CC=C([N]1)C(=C2C=CC(=N2)C(=C3C=CC(=N3)C(=C4[N]5)C1=CC=C(C=C1)OC)C1=CC=C(C=C1)[N]([H])[H])C1=CC=C(C=C1)OC)C1=CC=C(C=C1)[N]([H])[H].[Ni],-4.965536272,-4.982926
C4=CC5=C(C1=CC=C([N]1)C(=C2C=CC(=N2)C(=C3C=CC(=N3)C(=C4[N]5)C1=CC=C(C=C1)[Br])C1(=C(C(=C(C(=C1[F])[F])[F])[F])[F]))C1=CC=C(C=C1)[Br])C1(=C(C(=C(C(=C1[F])[F])[F])[F])[F]).[Mn],-5.8855537060000005,-5.911981
C4=CC5=C(C1=CC=C([N]1)C(=C2C=CC(=N2)C(=C3C=CC(=N3)C(=C4[N]5)C1=CC=C(C=C1)[N](C)C)C1=CC=C(C=C1)C([F])([F])[F])C1=CC=C(C=C1)[N](C)C)C1=CC=C(C=C1)C([F])([F])[F].[Mn],-5.174519824,-5.1963696
C4=CC5=C(C1=CC=C([N]1)C(=C2C=CC(=N2)C(=C3C=CC(=N3)C(=C4[N]5)C1=CC=C(C=C1)[Br])C1=CC=CC(=C1)OC)C1=CC=C(C=C1)[Br])C1=CC=CC(=C1)OC.[Ni],-5.425408932000001,-5.37817
C4=CC5=C(C1=CC=C([N]1)C(=C2C=CC(=N2)C(=C3C=CC(=N3)C(=C4[N]5)C1=CC=C(C=C1)OC)C1=CC=C(C=C1)C([F])([F])[F])C1=CC=C(C=C1)OC)C1=CC=C(C=C1)C([F])([F])[F].[Fe],-5.4558857000000005,-5.4626174
C4=CC5=C(C1=CC=C([N]1)C(=C2C=CC(=N2)C(=C3C=CC(=N3)C(=C4[N]5)C1=CC=C(C=C1)[Br])C1=CC=C(C=C1)OC)C1=CC=C(C=C1)[Br])C1=CC=C(C=C1)OC.[Ni],-5.36472751,-5.3798976
C4=CC5=C(C1=CC=C([N]1)C(=C2C=CC(=N2)C(=C3C=CC(=N3)C(=C4[N]5)C1=CC=C(C=C1)C(=O)O)C1=CC=C(C=C1)C(=O)O)C1=CC=C(C=C1)C(=O)O)C1=CC=C(C=C1)C(=O)O.[Mn],-5.748952478,-5.913885
C4=CC5=C(C1=CC=C([N]1)C(=C2C=CC(=N2)C(=C3C=CC(=N3)C(=C4[N]5)C1=CC=C(C=C1)C#C)C1=CC=C(C=C1)[Br])C1=CC=C(C=C1)C#C)C1=CC=C(C=C1)[Br].[Co],-5.583507166,-5.595162
C4=CC5=C(C1=CC=C([N]1)C(=C2C=CC(=N2)C(=C3C=CC(=N3)C(=C4[N]5)C1=CC=C(C=C1)C#[N])C1=CC=C(C=C1)[N+](=O)[O-])C1=CC=C(C=C1)C#[N])C1=CC=C(C=C1)[N+](=O)[O-].[Co],-6.195491552000001,-6.1426463
C4=CC5=C(C1=CC=C([N]1)C(=C2C=CC(=N2)C(=C3C=CC(=N3)C(=C4[N]5)C1=CC=CC=C1)C1=CC=CC=C1)C1=CC=CC=C1)C1=CC=CC=C1.[Mn],-5.309216254,-5.279534
C4=CC5=C(C1=CC=C([N]1)C(=C2C=CC(=N2)C(=C3C=CC(=N3)C(=C4[N]5)C1=CC=C(C=C1)C#[N])C1=CC=C(C=C1)C#[N])C1=CC=C(C=C1)C#[N])C1=CC=C(C=C1)C#[N].[Co],-6.132361104,-5.993776
C4=CC5=C(C1=CC=C([N]1)C(=C2C=CC(=N2)C(=C3C=CC(=N3)C(=C4[N]5)C1=C(C=CC=C1)[Cl])C1=C(C=CC=C1)[Cl])C1=C(C=CC=C1)[Cl])C1=C(C=CC=C1)[Cl].[Zn],-5.446089596,-5.5920644
C4=CC5=C(C1=CC=C([N]1)C(=C2C=CC(=N2)C(=C3C=CC(=N3)C(=C4[N]5)C1=CC=C(C=C1)C(C)(C)C)C1=CC=C(C=C1)[N]([H])[H])C1=CC=C(C=C1)C(C)(C)C)C1=CC=C(C=C1)[N]([H])[H].[Cu],-5.023496553999999,-4.9678907
C4=CC5=C(C1=CC=C([N]1)C(=C2C=CC(=N2)C(=C3C=CC(=N3)C(=C4[N]5)C1=CC=C(C=C1)C#[N])C1(=C(C(=C(C(=C1[F])[F])[F])[F])[F]))C1=CC=C(C=C1)C#[N])C1(=C(C(=C(C(=C1[F])[F])[F])[F])[F]).[Ni],-6.200661717999999,-6.1587815
C4=CC5=C(C1=CC=C([N]1[H])C(=C2C=CC(=N2)C(=C3C=CC(N3[H])=C(C4=[N]5)C1=CC=C(C=C1)C#C)C1=CC=C(C=C1)[N+](=O)[O-])C1=CC=C(C=C1)C#C)C1=CC=C(C=C1)[N+](=O)[O-] ,-5.78106193,-5.7688413
C4=CC5=C(C1=CC=C([N]1)C(=C2C=CC(=N2)C(=C3C=CC(=N3)C(=C4[N]5)C1(=C(C(=C(C(=C1[F])[F])[F])[F])[F]))C1(=C(C(=C(C(=C1[F])[F])[F])[F])[F]))C1(=C(C(=C(C(=C1[F])[F])[F])[F])[F]))C1(=C(C(=C(C(=C1[F])[F])[F])[F])[F]).[Mn],-6.19331464,-6.2174025
C4=CC5=C(C1=CC=C([N]1)C(=C2C=CC(=N2)C(=C3C=CC(=N3)C(=C4[N]5)C1=CC=C(C=C1)C(C)(C)C)C1=CC=C(C=C1)C([F])([F])[F])C1=CC=C(C=C1)C(C)(C)C)C1=CC=C(C=C1)C([F])([F])[F].[Ni],-5.528268024,-5.521267
C4=CC5=C(C1=CC=C([N]1[H])C(=C2C=CC(=N2)C(=C3C=CC(N3[H])=C(C4=[N]5)C1=CC=C(C=C1)[N](C)C)C1=CC=C(C=C1)OC)C1=CC=C(C=C1)[N](C)C)C1=CC=C(C=C1)OC ,-4.848255138,-4.851635
C4=CC5=C(C1=CC=C([N]1)C(=C2C=CC(=N2)C(=C3C=CC(=N3)C(=C4[N]5)C1=CC=CC=C1OC)C1=CC=CC=C1OC)C1=CC=CC=C1OC)C1=CC=CC=C1OC.[Co],-5.016149476,-5.02864
C4=CC5=C(C1=CC=C([N]1)C(=C2C=CC(=N2)C(=C3C=CC(=N3)C(=C4[N]5)C1=CC=C(C=C1)C#C)C1=CC=C(C=C1)C(C)(C)C)C1=CC=C(C=C1)C#C)C1=CC=C(C=C1)C(C)(C)C.[Fe],-5.33207383,-5.3273544
C4=CC5=C(C1=CC=C([N]1[H])C(=C2C=CC(=N2)C(=C3C=CC(N3[H])=C(C4=[N]5)C1=CC=C(C=C1)[N]([H])[H])C1=CC=C(C=C1)[N+](=O)[O-])C1=CC=C(C=C1)[N]([H])[H])C1=CC=C(C=C1)[N+](=O)[O-] ,-5.3971090760000004,-5.3896117
C4=CC5=C(C1=CC=C([N]1[H])C(=C2C=CC(=N2)C(=C3C=CC(N3[H])=C(C4=[N]5)C1=CC=C(C=C1)[Br])C1(=C(C(=C(C(=C1[F])[F])[F])[F])[F]))C1=CC=C(C=C1)[Br])C1(=C(C(=C(C(=C1[F])[F])[F])[F])[F]) ,-5.867322067999999,-5.861037
C4=CC5=C(C1=CC=C([N]1)C(=C2C=CC(=N2)C(=C3C=CC(=N3)C(=C4[N]5)C1=CC=C(C=C1)C#[N])C1=CC=C(C=C1)C#[N])C1=CC=C(C=C1)C#[N])C1=CC=C(C=C1)C#[N].[Mn],-6.12936785,-5.980621
C4=CC5=C(C1=CC=C([N]1)C(=C2C=CC(=N2)C(=C3C=CC(=N3)C(=C4[N]5)C1=CC=C(C=C1)[N]([H])[H])C1(=C(C(=C(C(=C1[F])[F])[F])[F])[F]))C1=CC=C(C=C1)[N]([H])[H])C1(=C(C(=C(C(=C1[F])[F])[F])[F])[F]).[Mn],-5.4830971,-5.4408774
C4=CC5=C(C1=CC=C([N]1[H])C(=C2C=CC(=N2)C(=C3C=CC(N3[H])=C(C4=[N]5)C1=CC=C(C=C1)C#C)C1=CC=C(C=C1)OC)C1=CC=C(C=C1)C#C)C1=CC=C(C=C1)OC ,-5.214520582,-5.1840405
C4=CC5=C(C1=CC=C([N]1[H])C(=C2C=CC(=N2)C(=C3C=CC(N3[H])=C(C4=[N]5)C1=CC=C(C=C1)OC)C1=CC=C(C=C1)[N]([H])[H])C1=CC=C(C=C1)OC)C1=CC=C(C=C1)[N]([H])[H] ,-4.836282122,-4.8905773
C4=CC5=C(C1=CC=C([N]1)C(=C2C=CC(=N2)C(=C3C=CC(=N3)C(=C4[N]5)C1=CC=C(C=C1)[Br])C1=CC=C(C=C1)[N+](=O)[O-])C1=CC=C(C=C1)[Br])C1=CC=C(C=C1)[N+](=O)[O-].[Ni],-5.94841204,-5.9296803
C4=CC5=C(C1=CC=C([N]1)C(=C2C=CC(=N2)C(=C3C=CC(=N3)C(=C4[N]5)C1=CC=C(C=C1)C#C)C1=CC=C(C=C1)C(C)(C)C)C1=CC=C(C=C1)C#C)C1=CC=C(C=C1)C(C)(C)C.[Mn],-5.3358834260000005,-5.3256187
C4=CC5=C(C1=CC=C([N]1)C(=C2C=CC(=N2)C(=C3C=CC(=N3)C(=C4[N]5)C1=CC=C(C=C1)OC)C1=CC=C(C=C1)OC)C1=CC=C(C=C1)OC)C1=CC=C(C=C1)OC.[Co],-5.125539304,-5.1918044
C4=CC5=C(C1=CC=C([N]1)C(=C2C=CC(=N2)C(=C3C=CC(=N3)C(=C4[N]5)C1=CC=C(C=C1)OC)C1(=C(C(=C(C(=C1[F])[F])[F])[F])[F]))C1=CC=C(C=C1)OC)C1(=C(C(=C(C(=C1[F])[F])[F])[F])[F]).[Cu],-5.6403789920000005,-5.639334
C4=CC5=C(C1=CC=C([N]1)C(=C2C=CC(=N2)C(=C3C=CC(=N3)C(=C4[N]5)C1=CC=C(C=C1)[N](C)C)C1=CC=C(C=C1)OC)C1=CC=C(C=C1)[N](C)C)C1=CC=C(C=C1)OC.[Ni],-4.805805353999999,-4.849233
C4=CC5=C(C1=CC=C([N]1)C(=C2C=CC(=N2)C(=C3C=CC(=N3)C(=C4[N]5)C1=CC=C(C=C1)C#C)C1=CC=C(C=C1)[N+](=O)[O-])C1=CC=C(C=C1)C#C)C1=CC=C(C=C1)[N+](=O)[O-].[Fe],-5.869226866,-5.914631
C4=CC5=C(C1=CC=C([N]1)C(=C2C=CC(=N2)C(=C3C=CC(=N3)C(=C4[N]5)C1=CC=C(C=C1)C)C1=CC=C(C=C1)C)C1=CC=C(C=C1)C)C1=CC=C(C=C1)C.[Mn],-5.201186996000001,-5.1627183
C4=CC5=C(C1=CC=C([N]1)C(=C2C=CC(=N2)C(=C3C=CC(=N3)C(=C4[N]5)C1=CC=C(C=C1)C#[N])C1=CC=C(C=C1)[N+](=O)[O-])C1=CC=C(C=C1)C#[N])C1=CC=C(C=C1)[N+](=O)[O-].[Fe],-6.16474267,-6.146871
C4=CC5=C(C1=CC=C([N]1)C(=C2C=CC(=N2)C(=C3C=CC(=N3)C(=C4[N]5)C1=CC=C(C=C1)C(C)(C)C)C1=CC=C(C=C1)OC)C1=CC=C(C=C1)C(C)(C)C)C1=CC=C(C=C1)OC.[Mn],-5.142410372,-5.081591
C4=CC5=C(C1=CC=C([N]1)C(=C2C=CC(=N2)C(=C3C=CC(=N3)C(=C4[N]5)C1=CC=C(C=C1)C(C)(C)C)C1(=C(C(=C(C(=C1[F])[F])[F])[F])[F]))C1=CC=C(C=C1)C(C)(C)C)C1(=C(C(=C(C(=C1[F])[F])[F])[F])[F]).[Mn],-5.720380508,-5.6890216
C4=CC5=C(C1=CC=C([N]1)C(=C2C=CC(=N2)C(=C3C=CC(=N3)C(=C4[N]5)C1=CC=C(C=C1)[N]([H])[H])C1(=C(C(=C(C(=C1[F])[F])[F])[F])[F]))C1=CC=C(C=C1)[N]([H])[H])C1(=C(C(=C(C(=C1[F])[F])[F])[F])[F]).[Co],-5.484729784,-5.4988728
C4=CC5=C(C1=CC=C([N]1)C(=C2C=CC(=N2)C(=C3C=CC(=N3)C(=C4[N]5)C1=CC=C(C=C1)OC)C1(=C(C(=C(C(=C1[F])[F])[F])[F])[F]))C1=CC=C(C=C1)OC)C1(=C(C(=C(C(=C1[F])[F])[F])[F])[F]).[Co],-5.641467447999999,-5.6387563
C4=CC5=C(C1=CC=C([N]1)C(=C2C=CC(=N2)C(=C3C=CC(=N3)C(=C4[N]5)C1=CC=C(C=C1)C#C)C1=CC=C(C=C1)[N]([H])[H])C1=CC=C(C=C1)C#C)C1=CC=C(C=C1)[N]([H])[H].[Cu],-5.184043814,-5.140217
C4=CC5=C(C1=CC=C([N]1)C(=C2C=CC(=N2)C(=C3C=CC(=N3)C(=C4[N]5)C1=CC=CC=C1)C1=CC=CC=C1)C1=CC=CC=C1)C1=CC=CC=C1.[Fe],-5.29533844,-5.2978888
C4=CC5=C(C1=CC=C([N]1)C(=C2C=CC(=N2)C(=C3C=CC(=N3)C(=C4[N]5)C1=CC=C(C=C1)C#[N])C1=CC=C(C=C1)C(C)(C)C)C1=CC=C(C=C1)C#[N])C1=CC=C(C=C1)C(C)(C)C.[Cu],-5.613167592000001,-5.6388025
C4=CC5=C(C1=CC=C([N]1)C(=C2C=CC(=N2)C(=C3C=CC(=N3)C(=C4[N]5)C1=CC=C(C=C1)C#[N])C1=CC=C(C=C1)[Br])C1=CC=C(C=C1)C#[N])C1=CC=C(C=C1)[Br].[Mn],-5.861063446,-5.8448815
C4=CC5=C(C1=CC=C([N]1)C(=C2C=CC(=N2)C(=C3C=CC(=N3)C(=C4[N]5)C1=CC=C(C=C1)C#[N])C1=CC=C(C=C1)[N](C)C)C1=CC=C(C=C1)C#[N])C1=CC=C(C=C1)[N](C)C.[Co],-5.26812704,-5.3305326
C4=CC5=C(C1=CC=C([N]1)C(=C2C=CC(=N2)C(=C3C=CC(=N3)C(=C4[N]5)C1=CC=C(C=C1)[N](C)C)C1=CC=C(C=C1)[N+](=O)[O-])C1=CC=C(C=C1)[N](C)C)C1=CC=C(C=C1)[N+](=O)[O-].[Fe],-5.317651788,-5.3303285
C4=CC5=C(C1=CC=C([N]1[H])C(=C2C=CC(=N2)C(=C3C=CC(N3[H])=C(C4=[N]5)C1=CC=C(C=C1)C#[N])C1=CC=C(C=C1)[Br])C1=CC=C(C=C1)C#[N])C1=CC=C(C=C1)[Br] ,-5.795483972,-5.777718
C4=CC5=C(C1=CC=C([N]1)C(=C2C=CC(=N2)C(=C3C=CC(=N3)C(=C4[N]5)C1=CC=C(C=C1)[Br])C1=CC=C(C=C1)[N+](=O)[O-])C1=CC=C(C=C1)[Br])C1=CC=C(C=C1)[N+](=O)[O-].[Cu],-5.943241874,-5.9321475
C4=CC5=C(C1=CC=C([N]1)C(=C2C=CC(=N2)C(=C3C=CC(=N3)C(=C4[N]5)C1=CC=C(C=C1)[N](C)C)C1=CC=C(C=C1)[N]([H])[H])C1=CC=C(C=C1)[N](C)C)C1=CC=C(C=C1)[N]([H])[H].[Co],-4.81369666,-4.861165
C4=CC5=C(C1=CC=C([N]1)C(=C2C=CC(=N2)C(=C3C=CC(=N3)C(=C4[N]5)C1=CC=C(C=C1)[N]([H])[H])C1=CC=C(C=C1)[N+](=O)[O-])C1=CC=C(C=C1)[N]([H])[H])C1=CC=C(C=C1)[N+](=O)[O-].[Mn],-5.348128556,-5.365264
C4=CC5=C(C1=CC=C([N]1)C(=C2C=CC(=N2)C(=C3C=CC(=N3)C(=C4[N]5)C1=CC=C(C=C1)C#[N])C1=CC=C(C=C1)OC)C1=CC=C(C=C1)C#[N])C1=CC=C(C=C1)OC.[Co],-5.581330254,-5.597615
C4=CC5=C(C1=CC=C([N]1)C(=C2C=CC(=N2)C(=C3C=CC(=N3)C(=C4[N]5)C1=CC=C(C=C1)[N](C)C)C1=CC=C(C=C1)OC)C1=CC=C(C=C1)[N](C)C)C1=CC=C(C=C1)OC.[Fe],-4.85995604,-4.8463187
C4=CC5=C(C1=CC=C([N]1)C(=C2C=CC(=N2)C(=C3C=CC(=N3)C(=C4[N]5)C1=CC=C(C=C1)C#[N])C1=CC=C(C=C1)[N]([H])[H])C1=CC=C(C=C1)C#[N])C1=CC=C(C=C1)[N]([H])[H].[Co],-5.45724627,-5.369592
C4=CC5=C(C1=CC=C([N]1[H])C(=C2C=CC(=N2)C(=C3C=CC(N3[H])=C(C4=[N]5)C1=CC=C(C=C1)C(C)(C)C)C1=CC=C(C=C1)C([F])([F])[F])C1=CC=C(C=C1)C(C)(C)C)C1=CC=C(C=C1)C([F])([F])[F] ,-5.422959906,-5.383382
C4=CC5=C(C1=CC=C([N]1)C(=C2C=CC(=N2)C(=C3C=CC(=N3)C(=C4[N]5)C1=CC=C(C=C1)[Cl])C1=CC=C(C=C1)[Cl])C1=CC=C(C=C1)[Cl])C1=CC=C(C=C1)[Cl].[Co],-5.6403789920000005,-5.599689
C4=CC5=C(C1=CC=C([N]1[H])C(=C2C=CC(=N2)C(=C3C=CC(N3[H])=C(C4=[N]5)C1=CC=C(C=C1)[N]([H])[H])C1(=C(C(=C(C(=C1[F])[F])[F])[F])[F]))C1=CC=C(C=C1)[N]([H])[H])C1(=C(C(=C(C(=C1[F])[F])[F])[F])[F]) ,-5.37969378,-5.3640666
C4=CC5=C(C1=CC=C([N]1[H])C(=C2C=CC(=N2)C(=C3C=CC(N3[H])=C(C4=[N]5)C1=CC=C(C=C1)C(C)(C)C)C1(=C(C(=C(C(=C1[F])[F])[F])[F])[F]))C1=CC=C(C=C1)C(C)(C)C)C1(=C(C(=C(C(=C1[F])[F])[F])[F])[F]) ,-5.6058205139999995,-5.5857553
C4=CC5=C(C1=CC=C([N]1)C(=C2C=CC(=N2)C(=C3C=CC(=N3)C(=C4[N]5)C1=CC=C(C=C1)C(C)(C)C)C1(=C(C(=C(C(=C1[F])[F])[F])[F])[F]))C1=CC=C(C=C1)C(C)(C)C)C1(=C(C(=C(C(=C1[F])[F])[F])[F])[F]).[Co],-5.718747823999999,-5.704803
C4=CC5=C(C1=CC=C([N]1[H])C(=C2C=CC(=N2)C(=C3C=CC(N3[H])=C(C4=[N]5)C1=CC=C(C=C1)C#[N])C1=CC=C(C=C1)[N]([H])[H])C1=CC=C(C=C1)C#[N])C1=CC=C(C=C1)[N]([H])[H] ,-5.372074587999999,-5.3085437
C4=CC5=C(C1=CC=C([N]1)C(=C2C=CC(=N2)C(=C3C=CC(=N3)C(=C4[N]5)C1=CC=C(C=C1)[N]([H])[H])C1=CC=C(C=C1)C([F])([F])[F])C1=CC=C(C=C1)[N]([H])[H])C1=CC=C(C=C1)C([F])([F])[F].[Mn],-5.33887668,-5.30205
C4=CC5=C(C1=CC=C([N]1)C(=C2C=CC(=N2)C(=C3C=CC(=N3)C(=C4[N]5)C1=CC=C(C=C1)[Cl])C1=CC=C(C=C1)[Cl])C1=CC=C(C=C1)[Cl])C1=CC=C(C=C1)[Cl].[Mn],-5.633848256,-5.569707
C4=CC5=C(C1=CC=C([N]1)C(=C2C=CC(=N2)C(=C3C=CC(=N3)C(=C4[N]5)C1=CC(=CC=C1)[Cl])C1=CC(=CC=C1)[Cl])C1=CC(=CC=C1)[Cl])C1=CC(=CC=C1)[Cl].[Ni],-5.653984692000001,-5.589063
C4=CC5=C(C1=CC=C([N]1[H])C(=C2C=CC(=N2)C(=C3C=CC(N3[H])=C(C4=[N]5)C1=CC=C(C=C1)C(C)(C)C)C1=CC=C(C=C1)OC)C1=CC=C(C=C1)C(C)(C)C)C1=CC=C(C=C1)OC ,-5.014244678,-4.823995
C4=CC5=C(C1=CC=C([N]1)C(=C2C=CC(=N2)C(=C3C=CC(=N3)C(=C4[N]5)C1=C(C=CC=C1)[Cl])C1=C(C=CC=C1)[Cl])C1=C(C=CC=C1)[Cl])C1=C(C=CC=C1)[Cl].[Mn],-5.47629425,-5.545669
C4=CC5=C(C1=CC=C([N]1[H])C(=C2C=CC(=N2)C(=C3C=CC(N3[H])=C(C4=[N]5)C1=CC=C(C=C1)C#[N])C1=CC=C(C=C1)[N+](=O)[O-])C1=CC=C(C=C1)C#[N])C1=CC=C(C=C1)[N+](=O)[O-] ,-6.11031987,-6.139444
C4=CC5=C(C1=CC=C([N]1)C(=C2C=CC(=N2)C(=C3C=CC(=N3)C(=C4[N]5)C1=CC=C(C=C1)C#C)C1=CC=C(C=C1)[N]([H])[H])C1=CC=C(C=C1)C#C)C1=CC=C(C=C1)[N]([H])[H].[Ni],-5.188669752,-5.1160364
C4=CC5=C(C1=CC=C([N]1)C(=C2C=CC(=N2)C(=C3C=CC(=N3)C(=C4[N]5)C1=CC=C(C=C1)C#C)C1=CC=C(C=C1)[N](C)C)C1=CC=C(C=C1)C#C)C1=CC=C(C=C1)[N](C)C.[Ni],-4.993836128,-5.0888066
C4=CC5=C(C1=CC=C([N]1)C(=C2C=CC(=N2)C(=C3C=CC(=N3)C(=C4[N]5)C1=CC=C(C=C1)[N](C)C)C1=CC=C(C=C1)[N+](=O)[O-])C1=CC=C(C=C1)[N](C)C)C1=CC=C(C=C1)[N+](=O)[O-].[Ni],-5.328808462,-5.269187
C4=CC5=C(C1=CC=C([N]1)C(=C2C=CC(=N2)C(=C3C=CC(=N3)C(=C4[N]5)C1=CC=C(C=C1)OC)C1=CC=C(C=C1)C([F])([F])[F])C1=CC=C(C=C1)OC)C1=CC=C(C=C1)C([F])([F])[F].[Cu],-5.475205794,-5.4739757
C4=CC5=C(C1=CC=C([N]1)C(=C2C=CC(=N2)C(=C3C=CC(=N3)C(=C4[N]5)C1=CC=C(C=C1)OC)C1(=C(C(=C(C(=C1[F])[F])[F])[F])[F]))C1=CC=C(C=C1)OC)C1(=C(C(=C(C(=C1[F])[F])[F])[F])[F]).[Fe],-5.640651106,-5.6289473
C4=CC5=C(C1=CC=C([N]1)C(=C2C=CC(=N2)C(=C3C=CC(=N3)C(=C4[N]5)C1=CC(=CC=C1Cl)[Cl])C1=CC(=CC=C1Cl)[Cl])C1=CC(=CC=C1Cl)[Cl])C1=CC(=CC=C1Cl)[Cl].[Mn],-5.742693856,-5.579639
C4=CC5=C(C1=CC=C([N]1)C(=C2C=CC(=N2)C(=C3C=CC(=N3)C(=C4[N]5)C1(=C(C(=C(C(=C1[F])[F])[F])[F])[F]))C1(=C(C(=C(C(=C1[F])[F])[F])[F])[F]))C1(=C(C(=C(C(=C1[F])[F])[F])[F])[F]))C1(=C(C(=C(C(=C1[F])[F])[F])[F])[F]).[Co],-6.190049272,-6.2193623
C4=CC5=C(C1=CC=C([N]1)C(=C2C=CC(=N2)C(=C3C=CC(=N3)C(=C4[N]5)C1=CC=C(C=C1)C#C)C1=CC=C(C=C1)OC)C1=CC=C(C=C1)C#C)C1=CC=C(C=C1)OC.[Cu],-5.2866307919999995,-5.291678
C4=CC5=C(C1=CC=C([N]1)C(=C2C=CC(=N2)C(=C3C=CC(=N3)C(=C4[N]5)C1(=C(C(=C(C(=C1[F])[F])[F])[F])[F]))C1=CC=C(C=C1)C([F])([F])[F])C1(=C(C(=C(C(=C1[F])[F])[F])[F])[F]))C1=CC=C(C=C1)C([F])([F])[F].[Fe],-6.0624278060000005,-6.094671
C4=CC5=C(C1=CC=C([N]1)C(=C2C=CC(=N2)C(=C3C=CC(=N3)C(=C4[N]5)C1=CC=C(C=C1)C#[N])C1=CC=C(C=C1)C(C)(C)C)C1=CC=C(C=C1)C#[N])C1=CC=C(C=C1)C(C)(C)C.[Ni],-5.6575221739999995,-5.6813254
C4=CC5=C(C1=CC=C([N]1)C(=C2C=CC(=N2)C(=C3C=CC(=N3)C(=C4[N]5)C1=CC=C(C=C1)C#[N])C1=CC=C(C=C1)C#C)C1=CC=C(C=C1)C#[N])C1=CC=C(C=C1)C#C.[Fe],-5.8063685320000005,-5.914922
C4=CC5=C(C1=CC=C([N]1)C(=C2C=CC(=N2)C(=C3C=CC(=N3)C(=C4[N]5)C1=CC=C(C=C1)C(C)(C)C)C1(=C(C(=C(C(=C1[F])[F])[F])[F])[F]))C1=CC=C(C=C1)C(C)(C)C)C1(=C(C(=C(C(=C1[F])[F])[F])[F])[F]).[Cu],-5.708135378,-5.708819
C4=CC5=C(C1=CC=C([N]1)C(=C2C=CC(=N2)C(=C3C=CC(=N3)C(=C4[N]5)C1=CC=C(C=C1)C#C)C1=CC=C(C=C1)C([F])([F])[F])C1=CC=C(C=C1)C#C)C1=CC=C(C=C1)C([F])([F])[F].[Fe],-5.675753812000001,-5.6737657
C4=CC5=C(C1=CC=C([N]1)C(=C2C=CC(=N2)C(=C3C=CC(=N3)C(=C4[N]5)C1=CC=C(C=C1)C(C)(C)C)C1=CC=C(C=C1)C([F])([F])[F])C1=CC=C(C=C1)C(C)(C)C)C1=CC=C(C=C1)C([F])([F])[F].[Co],-5.541329496,-5.5211225
C4=CC5=C(C1=CC=C([N]1)C(=C2C=CC(=N2)C(=C3C=CC(=N3)C(=C4[N]5)C1=CC=C(C=C1)[Br])C1=CC=C(C=C1)C(C)(C)C)C1=CC=C(C=C1)[Br])C1=CC=C(C=C1)C(C)(C)C.[Ni],-5.406360952000001,-5.4204044
C4=CC5=C(C1=CC=C([N]1)C(=C2C=CC(=N2)C(=C3C=CC(=N3)C(=C4[N]5)C1=CC=C(C=C1)C#C)C1=CC=C(C=C1)C([F])([F])[F])C1=CC=C(C=C1)C#C)C1=CC=C(C=C1)C([F])([F])[F].[Co],-5.703781554,-5.6828356
C4=CC5=C(C1=CC=C([N]1)C(=C2C=CC(=N2)C(=C3C=CC(=N3)C(=C4[N]5)C1=CC=C(C=C1)C#[N])C1=CC=C(C=C1)[Br])C1=CC=C(C=C1)C#[N])C1=CC=C(C=C1)[Br].[Cu],-5.886642162,-5.852711
C4=CC5=C(C1=CC=C([N]1)C(=C2C=CC(=N2)C(=C3C=CC(=N3)C(=C4[N]5)C1(=C(C(=C(C(=C1[F])[F])[F])[F])[F]))C1=CC=CC(=C1)OC)C1(=C(C(=C(C(=C1[F])[F])[F])[F])[F]))C1=CC=CC(=C1)OC.[Ni],-5.6991556160000005,-5.6974106
C4=CC5=C(C1=CC=C([N]1)C(=C2C=CC(=N2)C(=C3C=CC(=N3)C(=C4[N]5)C1=CC(=CC=C1)[N+](=O)[O-])C1=CC(=CC=C1)[N+](=O)[O-])C1=CC(=CC=C1)[N+](=O)[O-])C1=CC(=CC=C1)[N+](=O)[O-].[Co],-6.083924812,-5.9384212
C4=CC5=C(C1=CC=C([N]1)C(=C2C=CC(=N2)C(=C3C=CC(=N3)C(=C4[N]5)C1=CC(=CC=C1)C)C1=CC(=CC=C1)C)C1=CC(=CC=C1)C)C1=CC(=CC=C1)C.[Co],-5.24907906,-5.296911
C4=CC5=C(C1=CC=C([N]1[H])C(=C2C=CC(=N2)C(=C3C=CC(N3[H])=C(C4=[N]5)C1=CC=C(C=C1)[Br])C1=CC=C(C=C1)C(C)(C)C)C1=CC=C(C=C1)[Br])C1=CC=C(C=C1)C(C)(C)C ,-5.301597062,-5.250544
C4=CC5=C(C1=CC=C([N]1)C(=C2C=CC(=N2)C(=C3C=CC(=N3)C(=C4[N]5)C1=CC=C(C=C1)C(C)(C)C)C1=CC=C(C=C1)[N](C)C)C1=CC=C(C=C1)C(C)(C)C)C1=CC=C(C=C1)[N](C)C.[Cu],-4.868663688,-4.933431
C4=CC5=C(C1=CC=C([N]1)C(=C2C=CC(=N2)C(=C3C=CC(=N3)C(=C4[N]5)C1=CC=C(C=C1)C(C)(C)C)C1=CC=C(C=C1)[N](C)C)C1=CC=C(C=C1)C(C)(C)C)C1=CC=C(C=C1)[N](C)C.[Ni],-4.886623212,-4.936749
C4=CC5=C(C1=CC=C([N]1)C(=C2C=CC(=N2)C(=C3C=CC(=N3)C(=C4[N]5)C1=CC=C(C=C1)C(C)(C)C)C1=CC=C(C=C1)[N]([H])[H])C1=CC=C(C=C1)C(C)(C)C)C1=CC=C(C=C1)[N]([H])[H].[Fe],-4.9911149880000005,-4.969182
C4=CC5=C(C1=CC=C([N]1)C(=C2C=CC(=N2)C(=C3C=CC(=N3)C(=C4[N]5)C1=CC=C(C=C1)C#C)C1=CC=C(C=C1)C([F])([F])[F])C1=CC=C(C=C1)C#C)C1=CC=C(C=C1)C([F])([F])[F].[Ni],-5.720380508,-5.6805525
C4=CC5=C(C1=CC=C([N]1)C(=C2C=CC(=N2)C(=C3C=CC(=N3)C(=C4[N]5)C1=CC=C(C=C1)C#C)C1(=C(C(=C(C(=C1[F])[F])[F])[F])[F]))C1=CC=C(C=C1)C#C)C1(=C(C(=C(C(=C1[F])[F])[F])[F])[F]).[Ni],-5.889635416,-5.907209
C4=CC5=C(C1=CC=C([N]1)C(=C2C=CC(=N2)C(=C3C=CC(=N3)C(=C4[N]5)C1=CC=C(C=C1)[Br])C1=CC=C(C=C1)C(C)(C)C)C1=CC=C(C=C1)[Br])C1=CC=C(C=C1)C(C)(C)C.[Mn],-5.400918672,-5.382129
C4=CC5=C(C1=CC=C([N]1)C(=C2C=CC(=N2)C(=C3C=CC(=N3)C(=C4[N]5)C1=CC=C(C=C1)C)C1=CC=C(C=C1)C)C1=CC=C(C=C1)C)C1=CC=C(C=C1)C.[Cu],-5.198193742,-5.2408056
C4=CC5=C(C1=CC=C([N]1)C(=C2C=CC(=N2)C(=C3C=CC(=N3)C(=C4[N]5)C1=CC=C(C=C1)[Br])C1=CC=C(C=C1)C(C)(C)C)C1=CC=C(C=C1)[Br])C1=CC=C(C=C1)C(C)(C)C.[Co],-5.432483896,-5.435317
C4=CC5=C(C1=CC=C([N]1)C(=C2C=CC(=N2)C(=C3C=CC(=N3)C(=C4[N]5)C1(=C(C(=C(C(=C1[F])[F])[F])[F])[F]))C1=CC=C(C=C1)[N+](=O)[O-])C1(=C(C(=C(C(=C1[F])[F])[F])[F])[F]))C1=CC=C(C=C1)[N+](=O)[O-].[Fe],-6.243383616,-6.2202654
C4=CC5=C(C1=CC=C([N]1)C(=C2C=CC(=N2)C(=C3C=CC(=N3)C(=C4[N]5)C1=CC=C(C=C1)C#[N])C1=CC=C(C=C1)[N+](=O)[O-])C1=CC=C(C=C1)C#[N])C1=CC=C(C=C1)[N+](=O)[O-].[Ni],-6.200661717999999,-6.1467524
C4=CC5=C(C1=CC=C([N]1)C(=C2C=CC(=N2)C(=C3C=CC(=N3)C(=C4[N]5)C1=CC=C(C=C1)[N+](=O)[O-])C1=CC=C(C=C1)C([F])([F])[F])C1=CC=C(C=C1)[N+](=O)[O-])C1=CC=C(C=C1)C([F])([F])[F].[Co],-6.073312366000001,-6.076049
C4=CC5=C(C1=CC=C([N]1)C(=C2C=CC(=N2)C(=C3C=CC(=N3)C(=C4[N]5)C1=CC=C(C=C1)C#C)C1=CC=C(C=C1)[N+](=O)[O-])C1=CC=C(C=C1)C#C)C1=CC=C(C=C1)[N+](=O)[O-].[Ni],-5.855621166000001,-5.9092727
C4=CC5=C(C1=CC=C([N]1[H])C(=C2C=CC(=N2)C(=C3C=CC(N3[H])=C(C4=[N]5)C1=CC=C(C=C1)C#C)C1(=C(C(=C(C(=C1[F])[F])[F])[F])[F]))C1=CC=C(C=C1)C#C)C1(=C(C(=C(C(=C1[F])[F])[F])[F])[F]) ,-5.77970136,-5.781174
C4=CC5=C(C1=CC=C([N]1)C(=C2C=CC(=N2)C(=C3C=CC(=N3)C(=C4[N]5)C1=CC=C(C=C1)C#[N])C1=CC=C(C=C1)[N+](=O)[O-])C1=CC=C(C=C1)C#[N])C1=CC=C(C=C1)[N+](=O)[O-].[Mn],-6.105421818,-6.113473
C4=CC5=C(C1=CC=C([N]1)C(=C2C=CC(=N2)C(=C3C=CC(=N3)C(=C4[N]5)C1=CC=C(C=C1)[N](C)C)C1=CC=C(C=C1)[N+](=O)[O-])C1=CC=C(C=C1)[N](C)C)C1=CC=C(C=C1)[N+](=O)[O-].[Co],-5.313842192,-5.3481927
C4=CC5=C(C1=CC=C([N]1)C(=C2C=CC(=N2)C(=C3C=CC(=N3)C(=C4[N]5)C1=CC=C(C=C1)[N+](=O)[O-])C1=CC=C(C=C1)C([F])([F])[F])C1=CC=C(C=C1)[N+](=O)[O-])C1=CC=C(C=C1)C([F])([F])[F].[Mn],-6.067597972000001,-6.067838
C4=CC5=C(C1=CC=C([N]1)C(=C2C=CC(=N2)C(=C3C=CC(=N3)C(=C4[N]5)C1=CC=C(C=C1)OC)C1=CC=C(C=C1)C([F])([F])[F])C1=CC=C(C=C1)OC)C1=CC=C(C=C1)C([F])([F])[F].[Mn],-5.472756767999999,-5.459127
C4=CC5=C(C1=CC=C([N]1)C(=C2C=CC(=N2)C(=C3C=CC(=N3)C(=C4[N]5)C1=CC=C(C=C1)C#[N])C1=CC=C(C=C1)C([F])([F])[F])C1=CC=C(C=C1)C#[N])C1=CC=C(C=C1)C([F])([F])[F].[Cu],-6.009093462,-6.0226855
C4=CC5=C(C1=CC=C([N]1)C(=C2C=CC(=N2)C(=C3C=CC(=N3)C(=C4[N]5)C1=CC=CC=C1)C1=CC=CC=C1)C1=CC=CC=C1)C1=CC=CC=C1.[Cu],-5.302413404,-5.3243537
C4=CC5=C(C1=CC=C([N]1)C(=C2C=CC(=N2)C(=C3C=CC(=N3)C(=C4[N]5)C1=CC=C(C=C1)[Br])C1(=C(C(=C(C(=C1[F])[F])[F])[F])[F]))C1=CC=C(C=C1)[Br])C1(=C(C(=C(C(=C1[F])[F])[F])[F])[F]).[Cu],-5.9595687139999995,-5.9354196
C4=CC5=C(C1=CC=C([N]1)C(=C2C=CC(=N2)C(=C3C=CC(=N3)C(=C4[N]5)C1(=C(C(=C(C(=C1[F])[F])[F])[F])[F]))C1=CC=C(C=C1)C([F])([F])[F])C1(=C(C(=C(C(=C1[F])[F])[F])[F])[F]))C1=CC=C(C=C1)C([F])([F])[F].[Ni],-6.088278636,-6.1018653
C4=CC5=C(C1=CC=C([N]1)C(=C2C=CC(=N2)C(=C3C=CC(=N3)C(=C4[N]5)C1=CC=C(C=C1)[Br])C1=CC=C(C=C1)C([F])([F])[F])C1=CC=C(C=C1)[Br])C1=CC=C(C=C1)C([F])([F])[F].[Co],-5.770721598,-5.7556252
C4=CC5=C(C1=CC=C([N]1[H])C(=C2C=CC(=N2)C(=C3C=CC(N3[H])=C(C4=[N]5)C1=CC=C(C=C1)[N](C)C)C1=CC=C(C=C1)[N]([H])[H])C1=CC=C(C=C1)[N](C)C)C1=CC=C(C=C1)[N]([H])[H] ,-4.68308194,-4.8673406
C4=CC5=C(C1=CC=C([N]1)C(=C2C=CC(=N2)C(=C3C=CC(=N3)C(=C4[N]5)C1=CC=C(C=C1)C#[N])C1=CC=C(C=C1)C#C)C1=CC=C(C=C1)C#[N])C1=CC=C(C=C1)C#C.[Co],-5.825144398,-5.9244695
C4=CC5=C(C1=CC=C([N]1)C(=C2C=CC(=N2)C(=C3C=CC(=N3)C(=C4[N]5)C1=CC=C(C=C1)[Br])C1=CC=C(C=C1)[N](C)C)C1=CC=C(C=C1)[Br])C1=CC=C(C=C1)[N](C)C.[Co],-5.081456836,-5.097013
C4=CC5=C(C1=CC=C([N]1)C(=C2C=CC(=N2)C(=C3C=CC(=N3)C(=C4[N]5)C1=CC=C(C=C1)[Br])C1=CC=C(C=C1)[N]([H])[H])C1=CC=C(C=C1)[Br])C1=CC=C(C=C1)[N]([H])[H].[Co],-5.222956116000001,-5.128933
C4=CC5=C(C1=CC=C([N]1)C(=C2C=CC(=N2)C(=C3C=CC(=N3)C(=C4[N]5)C1=CC=C(C=C1)[N]([H])[H])C1(=C(C(=C(C(=C1[F])[F])[F])[F])[F]))C1=CC=C(C=C1)[N]([H])[H])C1(=C(C(=C(C(=C1[F])[F])[F])[F])[F]).[Fe],-5.467042374,-5.4588723
C4=CC5=C(C1=CC=C([N]1)C(=C2C=CC(=N2)C(=C3C=CC(=N3)C(=C4[N]5)C1=CC=C(C=C1)C(=O)O)C1=CC=C(C=C1)C(=O)O)C1=CC=C(C=C1)C(=O)O)C1=CC=C(C=C1)C(=O)O.[Ni],-6.060250894,-5.927892
C4=CC5=C(C1=CC=C([N]1)C(=C2C=CC(=N2)C(=C3C=CC(=N3)C(=C4[N]5)C1=CC=C(C=C1)C(C)(C)C)C1=CC=C(C=C1)[N]([H])[H])C1=CC=C(C=C1)C(C)(C)C)C1=CC=C(C=C1)[N]([H])[H].[Mn],-5.003632232,-4.9662576
C4=CC5=C(C1=CC=C([N]1)C(=C2C=CC(=N2)C(=C3C=CC(=N3)C(=C4[N]5)C1=CC=CC=C1)C1=CC=CC=C1)C1=CC=CC=C1)C1=CC=CC=C1.[Ni],-5.333706514,-5.3065367
C4=CC5=C(C1=CC=C([N]1)C(=C2C=CC(=N2)C(=C3C=CC(=N3)C(=C4[N]5)C1=CC=C(C=C1)C#[N])C1(=C(C(=C(C(=C1[F])[F])[F])[F])[F]))C1=CC=C(C=C1)C#[N])C1(=C(C(=C(C(=C1[F])[F])[F])[F])[F]).[Fe],-6.199301147999999,-6.151334
C4=CC5=C(C1=CC=C([N]1)C(=C2C=CC(=N2)C(=C3C=CC(=N3)C(=C4[N]5)C1=CC=C(C=C1)OC)C1=CC=C(C=C1)[N]([H])[H])C1=CC=C(C=C1)OC)C1=CC=C(C=C1)[N]([H])[H].[Mn],-4.97560449,-4.972608
C4=CC5=C(C1=CC=C([N]1)C(=C2C=CC(=N2)C(=C3C=CC(=N3)C(=C4[N]5)C1=C(C=CC(=C1[Cl])[Cl])[Cl])C1=C(C=CC(=C1[Cl])[Cl])[Cl])C1=C(C=CC(=C1[Cl])[Cl])[Cl])C1=C(C=CC(=C1[Cl])[Cl])[Cl].[Zn],-5.712217087999999,-5.7223854
C4=CC5=C(C1=CC=C([N]1[H])C(=C2C=CC(=N2)C(=C3C=CC(N3[H])=C(C4=[N]5)C1=CC=C(C=C1)[N](C)C)C1=CC=C(C=C1)[N+](=O)[O-])C1=CC=C(C=C1)[N](C)C)C1=CC=C(C=C1)[N+](=O)[O-] ,-5.26404533,-5.2977214
C4=CC5=C(C1=CC=C([N]1)C(=C2C=CC(=N2)C(=C3C=CC(=N3)C(=C4[N]5)C1=CC=C(C=C1)C#C)C1(=C(C(=C(C(=C1[F])[F])[F])[F])[F]))C1=CC=C(C=C1)C#C)C1(=C(C(=C(C(=C1[F])[F])[F])[F])[F]).[Co],-5.88854696,-5.905885
C4=CC5=C(C1=CC=C([N]1)C(=C2C=CC(=N2)C(=C3C=CC(=N3)C(=C4[N]5)C1=CC=C(C=C1)[N]([H])[H])C1=CC=C(C=C1)[N+](=O)[O-])C1=CC=C(C=C1)[N]([H])[H])C1=CC=C(C=C1)[N+](=O)[O-].[Co],-5.520104604,-5.515406
C4=CC5=C(C1=CC=C([N]1)C(=C2C=CC(=N2)C(=C3C=CC(=N3)C(=C4[N]5)C1=CC=C(C=C1)OC)C1=CC=C(C=C1)[N+](=O)[O-])C1=CC=C(C=C1)OC)C1=CC=C(C=C1)[N+](=O)[O-].[Fe],-5.610174337999999,-5.6029572
C4=CC5=C(C1=CC=C([N]1[H])C(=C2C=CC(=N2)C(=C3C=CC(N3[H])=C(C4=[N]5)C1=CC=C(C=C1)C#[N])C1=CC=C(C=C1)OC)C1=CC=C(C=C1)C#[N])C1=CC=C(C=C1)OC ,-5.515478666,-5.5208373
C4=CC5=C(C1=CC=C([N]1[H])C(=C2C=CC(=N2)C(=C3C=CC(N3[H])=C(C4=[N]5)C1=CC=C(C=C1)C(C)(C)C)C1=CC=C(C=C1)[N+](=O)[O-])C1=CC=C(C=C1)C(C)(C)C)C1=CC=C(C=C1)[N+](=O)[O-] ,-5.626773292,-5.5715656
C4=CC5=C(C1=CC=C([N]1)C(=C2C=CC(=N2)C(=C3C=CC(=N3)C(=C4[N]5)C1=CC=C(C=C1)C(C)(C)C)C1=CC=C(C=C1)[N+](=O)[O-])C1=CC=C(C=C1)C(C)(C)C)C1=CC=C(C=C1)[N+](=O)[O-].[Cu],-5.696978704,-5.711578
C4=CC5=C(C1=CC=C([N]1)C(=C2C=CC(=N2)C(=C3C=CC(=N3)C(=C4[N]5)C1=CC=C(C=C1)C)C1=CC=C(C=C1)C)C1=CC=C(C=C1)C)C1=CC=C(C=C1)C.[Zn],-5.164995834,-5.249582
C4=CC5=C(C1=CC=C([N]1)C(=C2C=CC(=N2)C(=C3C=CC(=N3)C(=C4[N]5)C1=CC=C(C=C1)[Br])C1=CC=C(C=C1)[N](C)C)C1=CC=C(C=C1)[Br])C1=CC=C(C=C1)[N](C)C.[Mn],-5.081184722,-5.0823264
C4=CC5=C(C1=CC=C([N]1)C(=C2C=CC(=N2)C(=C3C=CC(=N3)C(=C4[N]5)C1=CC=C(C=C1)C#[N])C1(=C(C(=C(C(=C1[F])[F])[F])[F])[F]))C1=CC=C(C=C1)C#[N])C1(=C(C(=C(C(=C1[F])[F])[F])[F])[F]).[Mn],-6.190593499999999,-6.1491714
C4=CC5=C(C1=CC=C([N]1)C(=C2C=CC(=N2)C(=C3C=CC(=N3)C(=C4[N]5)C1=CC=C(C=C1)C#C)C1=CC=C(C=C1)[N](C)C)C1=CC=C(C=C1)C#C)C1=CC=C(C=C1)[N](C)C.[Fe],-5.027850378,-5.076492
C4=CC5=C(C1=CC=C([N]1)C(=C2C=CC(=N2)C(=C3C=CC(=N3)C(=C4[N]5)C1=CC=C(C=C1)[F])C1=CC=C(C=C1)[F])C1=CC=C(C=C1)[F])C1=CC=C(C=C1)[F].[Co],-5.564731299999999,-5.5776978
C4=CC5=C(C1=CC=C([N]1)C(=C2C=CC(=N2)C(=C3C=CC(=N3)C(=C4[N]5)C1=CC=C(C=C1)C#[N])C1=CC=CC(=C1)OC)C1=CC=C(C=C1)C#[N])C1=CC=CC(=C1)OC.[Ni],-5.66133177,-5.683102
C4=CC5=C(C1=CC=C([N]1)C(=C2C=CC(=N2)C(=C3C=CC(=N3)C(=C4[N]5)C1=CC=C(C=C1)C#[N])C1=CC=C(C=C1)C([F])([F])[F])C1=CC=C(C=C1)C#[N])C1=CC=C(C=C1)C([F])([F])[F].[Co],-6.027597214,-6.021712
C4=CC5=C(C1=CC=C([N]1)C(=C2C=CC(=N2)C(=C3C=CC(=N3)C(=C4[N]5)C1=CC=C(C=C1)C(C)(C)C)C1=CC=C(C=C1)[N](C)C)C1=CC=C(C=C1)C(C)(C)C)C1=CC=C(C=C1)[N](C)C.[Fe],-4.834377324,-4.930074
C4=CC5=C(C1=CC=C([N]1)C(=C2C=CC(=N2)C(=C3C=CC(=N3)C(=C4[N]5)C1=CC=C(C=C1)C(C)(C)C)C1=CC=C(C=C1)C([F])([F])[F])C1=CC=C(C=C1)C(C)(C)C)C1=CC=C(C=C1)C([F])([F])[F].[Fe],-5.5081315879999995,-5.5136733
C4=CC5=C(C1=CC=C([N]1)C(=C2C=CC(=N2)C(=C3C=CC(=N3)C(=C4[N]5)C1=CC=C(C=C1)[N](C)C)C1=CC=C(C=C1)[N+](=O)[O-])C1=CC=C(C=C1)[N](C)C)C1=CC=C(C=C1)[N+](=O)[O-].[Cu],-5.283909652,-5.3099527
C4=CC5=C(C1=CC=C([N]1)C(=C2C=CC(=N2)C(=C3C=CC(=N3)C(=C4[N]5)C1=CC=C(C=C1)C#[N])C1=CC=C(C=C1)[N](C)C)C1=CC=C(C=C1)C#[N])C1=CC=C(C=C1)[N](C)C.[Mn],-5.0477147,-5.1730504
C4=CC5=C(C1=CC=C([N]1[H])C(=C2C=CC(=N2)C(=C3C=CC(N3[H])=C(C4=[N]5)C1=CC=C(C=C1)[Br])C1=CC=C(C=C1)[N]([H])[H])C1=CC=C(C=C1)[Br])C1=CC=C(C=C1)[N]([H])[H] ,-5.140505574,-5.198709
C4=CC5=C(C1=CC=C([N]1[H])C(=C2C=CC(=N2)C(=C3C=CC(N3[H])=C(C4=[N]5)C1=CC=C(C=C1)OC)C1=CC=C(C=C1)[N+](=O)[O-])C1=CC=C(C=C1)OC)C1=CC=C(C=C1)[N+](=O)[O-] ,-5.539968926,-5.5467753
C4=CC5=C(C1=CC=C([N]1)C(=C2C=CC(=N2)C(=C3C=CC(=N3)C(=C4[N]5)C1=CC=C(C=C1)[N]([H])[H])C1=CC=C(C=C1)C([F])([F])[F])C1=CC=C(C=C1)[N]([H])[H])C1=CC=C(C=C1)C([F])([F])[F].[Ni],-5.336971882,-5.309524
C4=CC5=C(C1=CC=C([N]1[H])C(=C2C=CC(=N2)C(=C3C=CC(N3[H])=C(C4=[N]5)C1=CC=C(C=C1)C#[N])C1=CC=C(C=C1)C([F])([F])[F])C1=CC=C(C=C1)C#[N])C1=CC=C(C=C1)C([F])([F])[F] ,-5.9372553660000005,-5.8936467
C4=CC5=C(C1=CC=C([N]1)C(=C2C=CC(=N2)C(=C3C=CC(=N3)C(=C4[N]5)C1=CC=C(C=C1)[N](C)C)C1=CC=C(C=C1)C([F])([F])[F])C1=CC=C(C=C1)[N](C)C)C1=CC=C(C=C1)C([F])([F])[F].[Cu],-5.142410372,-5.203201
C4=CC5=C(C1=CC=C([N]1)C(=C2C=CC(=N2)C(=C3C=CC(=N3)C(=C4[N]5)C1=C(C=CC(=C1[Cl])[Cl])[Cl])C1=C(C=CC(=C1[Cl])[Cl])[Cl])C1=C(C=CC(=C1[Cl])[Cl])[Cl])C1=C(C=CC(=C1[Cl])[Cl])[Cl].[Mn],-5.701332527999999,-5.698897
C4=CC5=C(C1=CC=C([N]1)C(=C2C=CC(=N2)C(=C3C=CC(=N3)C(=C4[N]5)C1=CC=C(C=C1)C#[N])C1=CC=C(C=C1)[Br])C1=CC=C(C=C1)C#[N])C1=CC=C(C=C1)[Br].[Fe],-5.876029716000001,-5.8488555
C4=CC5=C(C1=CC=C([N]1)C(=C2C=CC(=N2)C(=C3C=CC(=N3)C(=C4[N]5)C1=CC(=CC=C1)[Cl])C1=CC(=CC=C1)[Cl])C1=CC(=CC=C1)[Cl])C1=CC(=CC=C1)[Cl].[Zn],-5.604732058,-5.6015673
C4=CC5=C(C1=CC=C([N]1)C(=C2C=CC(=N2)C(=C3C=CC(=N3)C(=C4[N]5)C1=CC=C(C=C1)[N+](=O)[O-])C1=CC=C(C=C1)C([F])([F])[F])C1=CC=C(C=C1)[N+](=O)[O-])C1=CC=C(C=C1)C([F])([F])[F].[Fe],-6.049638448,-6.0703254
C4=CC5=C(C1=CC=C([N]1)C(=C2C=CC(=N2)C(=C3C=CC(=N3)C(=C4[N]5)C1=CC=C(C=C1)[Cl])C1=CC=C(C=C1)[Cl])C1=CC=C(C=C1)[Cl])C1=CC=C(C=C1)[Cl].[Ni],-5.630310774,-5.5972733
C4=CC5=C(C1=CC=C([N]1)C(=C2C=CC(=N2)C(=C3C=CC(=N3)C(=C4[N]5)C1=CC=C(C=C1)[Br])C1=CC=C(C=C1)OC)C1=CC=C(C=C1)[Br])C1=CC=C(C=C1)OC.[Co],-5.3587410019999995,-5.380606
C4=CC5=C(C1=CC=C([N]1)C(=C2C=CC(=N2)C(=C3C=CC(=N3)C(=C4[N]5)C1=CC=C(C=C1)C#C)C1=CC=C(C=C1)[Br])C1=CC=C(C=C1)C#C)C1=CC=C(C=C1)[Br].[Mn],-5.57017358,-5.584332
C4=CC5=C(C1=CC=C([N]1)C(=C2C=CC(=N2)C(=C3C=CC(=N3)C(=C4[N]5)C1=CC=C(C=C1)C#[N])C1=CC=CC(=C1)OC)C1=CC=C(C=C1)C#[N])C1=CC=CC(=C1)OC.[Co],-5.67901918,-5.6414375
C4=CC5=C(C1=CC=C([N]1)C(=C2C=CC(=N2)C(=C3C=CC(=N3)C(=C4[N]5)C1=CC=C(C=C1)[N]([H])[H])C1(=C(C(=C(C(=C1[F])[F])[F])[F])[F]))C1=CC=C(C=C1)[N]([H])[H])C1(=C(C(=C(C(=C1[F])[F])[F])[F])[F]).[Cu],-5.468402944,-5.4921412
C4=CC5=C(C1=CC=C([N]1)C(=C2C=CC(=N2)C(=C3C=CC(=N3)C(=C4[N]5)C1=CC=C(C=C1)C#C)C1(=C(C(=C(C(=C1[F])[F])[F])[F])[F]))C1=CC=C(C=C1)C#C)C1(=C(C(=C(C(=C1[F])[F])[F])[F])[F]).[Mn],-5.870043207999999,-5.8917394
C4=CC5=C(C1=CC=C([N]1)C(=C2C=CC(=N2)C(=C3C=CC(=N3)C(=C4[N]5)C1=CC=C(C=C1)C#[N])C1=CC=C(C=C1)[Br])C1=CC=C(C=C1)C#[N])C1=CC=C(C=C1)[Br].[Co],-5.90079209,-5.8564267
C4=CC5=C(C1=CC=C([N]1)C(=C2C=CC(=N2)C(=C3C=CC(=N3)C(=C4[N]5)C1=CC=C(C=C1)C(C)(C)C)C1=CC=C(C=C1)[N+](=O)[O-])C1=CC=C(C=C1)C(C)(C)C)C1=CC=C(C=C1)[N+](=O)[O-].[Fe],-5.71167286,-5.7053986
C4=CC5=C(C1=CC=C([N]1[H])C(=C2C=CC(=N2)C(=C3C=CC(N3[H])=C(C4=[N]5)C1=CC=C(C=C1)C(C)(C)C)C1=CC=C(C=C1)[N]([H])[H])C1=CC=C(C=C1)C(C)(C)C)C1=CC=C(C=C1)[N]([H])[H] ,-4.88716744,-4.799983
C4=CC5=C(C1=CC=C([N]1)C(=C2C=CC(=N2)C(=C3C=CC(=N3)C(=C4[N]5)C1=CC=C(C=C1)[N](C)C)C1(=C(C(=C(C(=C1[F])[F])[F])[F])[F]))C1=CC=C(C=C1)[N](C)C)C1(=C(C(=C(C(=C1[F])[F])[F])[F])[F]).[Co],-5.305950886000001,-5.32297
C4=CC5=C(C1=CC=C([N]1)C(=C2C=CC(=N2)C(=C3C=CC(=N3)C(=C4[N]5)C1=CC=C(C=C1)[Br])C1=CC=C(C=C1)[N+](=O)[O-])C1=CC=C(C=C1)[Br])C1=CC=C(C=C1)[N+](=O)[O-].[Mn],-5.911404536,-5.9261456
C4=CC5=C(C1=CC=C([N]1)C(=C2C=CC(=N2)C(=C3C=CC(=N3)C(=C4[N]5)C1=CC=C(C=C1)[N](C)C)C1=CC=CC(=C1)OC)C1=CC=C(C=C1)[N](C)C)C1=CC=CC(=C1)OC.[Ni],-4.882269388,-4.8613925
C4=CC5=C(C1=CC=C([N]1)C(=C2C=CC(=N2)C(=C3C=CC(=N3)C(=C4[N]5)C1=CC=C(C=C1)C#[N])C1=CC=C(C=C1)[N](C)C)C1=CC=C(C=C1)C#[N])C1=CC=C(C=C1)[N](C)C.[Fe],-5.27356932,-5.320461
C4=CC5=C(C1=CC=C([N]1)C(=C2C=CC(=N2)C(=C3C=CC(=N3)C(=C4[N]5)C1=CC=C(C=C1)C#[N])C1=CC=C(C=C1)[N](C)C)C1=CC=C(C=C1)C#[N])C1=CC=C(C=C1)[N](C)C.[Cu],-5.2732972060000005,-5.3107877
C4=CC5=C(C1=CC=C([N]1)C(=C2C=CC(=N2)C(=C3C=CC(=N3)C(=C4[N]5)C1=CC=C(C=C1)[N+](=O)[O-])C1=CC=C(C=C1)C([F])([F])[F])C1=CC=C(C=C1)[N+](=O)[O-])C1=CC=C(C=C1)C([F])([F])[F].[Cu],-6.049638448,-6.0793447
C4=CC5=C(C1=CC=C([N]1)C(=C2C=CC(=N2)C(=C3C=CC(=N3)C(=C4[N]5)C1=CC=C(C=C1)C(=O)O)C1=CC=C(C=C1)C(=O)O)C1=CC=C(C=C1)C(=O)O)C1=CC=C(C=C1)C(=O)O.[Zn],-6.0112703739999995,-5.9457994
C4=CC5=C(C1=CC=C([N]1)C(=C2C=CC(=N2)C(=C3C=CC(=N3)C(=C4[N]5)C1=CC=C(C=C1)C(C)(C)C)C1=CC=C(C=C1)C([F])([F])[F])C1=CC=C(C=C1)C(C)(C)C)C1=CC=C(C=C1)C([F])([F])[F].[Mn],-5.518199806,-5.509713
C4=CC5=C(C1=CC=C([N]1)C(=C2C=CC(=N2)C(=C3C=CC(=N3)C(=C4[N]5)C1=CC=C(C=C1)[Br])C1=CC=C(C=C1)C([F])([F])[F])C1=CC=C(C=C1)[Br])C1=CC=C(C=C1)C([F])([F])[F].[Ni],-5.761197608,-5.756065
C4=CC5=C(C1=CC=C([N]1[H])C(=C2C=CC(=N2)C(=C3C=CC(N3[H])=C(C4=[N]5)C1=CC=C(C=C1)C#C)C1=CC=C(C=C1)[N](C)C)C1=CC=C(C=C1)C#C)C1=CC=C(C=C1)[N](C)C ,-4.924174944,-4.991217
C4=CC5=C(C1=CC=C([N]1)C(=C2C=CC(=N2)C(=C3C=CC(=N3)C(=C4[N]5)C1=CC=C(C=C1)OC)C1=CC=C(C=C1)[N+](=O)[O-])C1=CC=C(C=C1)OC)C1=CC=C(C=C1)[N+](=O)[O-].[Co],-5.6262290639999994,-5.6081805
C4=CC5=C(C1=CC=C([N]1[H])C(=C2C=CC(=N2)C(=C3C=CC(N3[H])=C(C4=[N]5)C1=CC=C(C=C1)[N](C)C)C1=CC=C(C=C1)C([F])([F])[F])C1=CC=C(C=C1)[N](C)C)C1=CC=C(C=C1)C([F])([F])[F] ,-5.071660732,-5.096835
C4=CC5=C(C1=CC=C([N]1)C(=C2C=CC(=N2)C(=C3C=CC(=N3)C(=C4[N]5)C1=CC=C(C=C1)C(C)(C)C)C1=CC=C(C=C1)[N+](=O)[O-])C1=CC=C(C=C1)C(C)(C)C)C1=CC=C(C=C1)[N+](=O)[O-].[Ni],-5.729904498,-5.7235436
C4=CC5=C(C1=CC=C([N]1)C(=C2C=CC(=N2)C(=C3C=CC(=N3)C(=C4[N]5)C1=CC=C(C=C1)[N]([H])[H])C1=CC=C(C=C1)[N+](=O)[O-])C1=CC=C(C=C1)[N]([H])[H])C1=CC=C(C=C1)[N+](=O)[O-].[Cu],-5.478199048,-5.4574203
C4=CC5=C(C1=CC=C([N]1)C(=C2C=CC(=N2)C(=C3C=CC(=N3)C(=C4[N]5)C1=CC=C(C=C1)C#C)C1(=C(C(=C(C(=C1[F])[F])[F])[F])[F]))C1=CC=C(C=C1)C#C)C1(=C(C(=C(C(=C1[F])[F])[F])[F])[F]).[Cu],-5.8822883379999995,-5.9044924
C4=CC5=C(C1=CC=C([N]1)C(=C2C=CC(=N2)C(=C3C=CC(=N3)C(=C4[N]5)C1=CC=C(C=C1)C(C)(C)C)C1=CC=CC(=C1)OC)C1=CC=C(C=C1)C(C)(C)C)C1=CC=CC(=C1)OC.[Cu],-5.162546808,-5.0835814
C4=CC5=C(C1=CC=C([N]1)C(=C2C=CC(=N2)C(=C3C=CC(=N3)C(=C4[N]5)C1=CC=C(C=C1)C#[N])C1=CC=C(C=C1)C#C)C1=CC=C(C=C1)C#[N])C1=CC=C(C=C1)C#C.[Ni],-5.839294326,-5.92407
C4=CC5=C(C1=CC=C([N]1)C(=C2C=CC(=N2)C(=C3C=CC(=N3)C(=C4[N]5)C1=CC=C(C=C1)[Br])C1=CC=CC(=C1)OC)C1=CC=C(C=C1)[Br])C1=CC=CC(=C1)OC.[Co],-5.415884942000001,-5.378861
C4=CC5=C(C1=CC=C([N]1)C(=C2C=CC(=N2)C(=C3C=CC(=N3)C(=C4[N]5)C1=CC=C(C=C1)C(C)(C)C)C1=CC=C(C=C1)OC)C1=CC=C(C=C1)C(C)(C)C)C1=CC=C(C=C1)OC.[Ni],-5.133702724,-5.098758
C4=CC5=C(C1=CC=C([N]1[H])C(=C2C=CC(=N2)C(=C3C=CC(N3[H])=C(C4=[N]5)C1=CC=C(C=C1)OC)C1=CC=C(C=C1)C([F])([F])[F])C1=CC=C(C=C1)OC)C1=CC=C(C=C1)C([F])([F])[F] ,-5.386768743999999,-5.4617863
C4=CC5=C(C1=CC=C([N]1)C(=C2C=CC(=N2)C(=C3C=CC(=N3)C(=C4[N]5)C1(=C(C(=C(C(=C1[F])[F])[F])[F])[F]))C1=CC=C(C=C1)[N+](=O)[O-])C1(=C(C(=C(C(=C1[F])[F])[F])[F])[F]))C1=CC=C(C=C1)[N+](=O)[O-].[Mn],-6.252907606,-6.2180996
C4=CC5=C(C1=CC=C([N]1)C(=C2C=CC(=N2)C(=C3C=CC(=N3)C(=C4[N]5)C1=CC=CC=C1OC)C1=CC=CC=C1OC)C1=CC=CC=C1OC)C1=CC=CC=C1OC.[Mn],-5.006625486,-4.9835887
C4=CC5=C(C1=CC=C([N]1)C(=C2C=CC(=N2)C(=C3C=CC(=N3)C(=C4[N]5)C1=CC=C(C=C1)[Br])C1=CC=C(C=C1)[N](C)C)C1=CC=C(C=C1)[Br])C1=CC=C(C=C1)[N](C)C.[Fe],-5.073021302,-5.0881577
C4=CC5=C(C1=CC=C([N]1)C(=C2C=CC(=N2)C(=C3C=CC(=N3)C(=C4[N]5)C1(=C(C(=C(C(=C1[F])[F])[F])[F])[F]))C1=CC=C(C=C1)C([F])([F])[F])C1(=C(C(=C(C(=C1[F])[F])[F])[F])[F]))C1=CC=C(C=C1)C([F])([F])[F].[Mn],-6.08038733,-6.088916
C4=CC5=C(C1=CC=C([N]1)C(=C2C=CC(=N2)C(=C3C=CC(=N3)C(=C4[N]5)C1=CC=C(C=C1)C#[N])C1=CC=C(C=C1)C(C)(C)C)C1=CC=C(C=C1)C#[N])C1=CC=C(C=C1)C(C)(C)C.[Mn],-5.640106877999999,-5.667092
C4=CC5=C(C1=CC=C([N]1)C(=C2C=CC(=N2)C(=C3C=CC(=N3)C(=C4[N]5)C1=CC=C(C=C1)C#C)C1=CC=C(C=C1)C(C)(C)C)C1=CC=C(C=C1)C#C)C1=CC=C(C=C1)C(C)(C)C.[Cu],-5.327720006,-5.325063
C4=CC5=C(C1=CC=C([N]1)C(=C2C=CC(=N2)C(=C3C=CC(=N3)C(=C4[N]5)C1=CC=C(C=C1)[Br])C1(=C(C(=C(C(=C1[F])[F])[F])[F])[F]))C1=CC=C(C=C1)[Br])C1(=C(C(=C(C(=C1[F])[F])[F])[F])[F]).[Co],-5.954126434,-5.934294
C4=CC5=C(C1=CC=C([N]1)C(=C2C=CC(=N2)C(=C3C=CC(=N3)C(=C4[N]5)C1=CC=C(C=C1)[N+](=O)[O-])C1=CC=C(C=C1)[N+](=O)[O-])C1=CC=C(C=C1)[N+](=O)[O-])C1=CC=C(C=C1)[N+](=O)[O-].[Mn],-6.236580766,-6.029587
C4=CC5=C(C1=CC=C([N]1)C(=C2C=CC(=N2)C(=C3C=CC(=N3)C(=C4[N]5)C1=CC=C(C=C1)C#[N])C1=CC=C(C=C1)OC)C1=CC=C(C=C1)C#[N])C1=CC=C(C=C1)OC.[Fe],-5.560105362000001,-5.5793324
C4=CC5=C(C1=CC=C([N]1)C(=C2C=CC(=N2)C(=C3C=CC(=N3)C(=C4[N]5)C1=CC=C(C=C1)[N+](=O)[O-])C1=CC=C(C=C1)C([F])([F])[F])C1=CC=C(C=C1)[N+](=O)[O-])C1=CC=C(C=C1)C([F])([F])[F].[Ni],-6.0681422,-6.079056
C4=CC5=C(C1=CC=C([N]1)C(=C2C=CC(=N2)C(=C3C=CC(=N3)C(=C4[N]5)C1=C(C=CC=C1)[Cl])C1=C(C=CC=C1)[Cl])C1=C(C=CC=C1)[Cl])C1=C(C=CC=C1)[Cl].[Fe],-5.457518384,-5.558482
C4=CC5=C(C1=CC=C([N]1[H])C(=C2C=CC(=N2)C(=C3C=CC(N3[H])=C(C4=[N]5)C1=CC=C(C=C1)OC)C1(=C(C(=C(C(=C1[F])[F])[F])[F])[F]))C1=CC=C(C=C1)OC)C1(=C(C(=C(C(=C1[F])[F])[F])[F])[F]) ,-5.531533392,-5.531323
C4=CC5=C(C1=CC=C([N]1[H])C(=C2C=CC(=N2)C(=C3C=CC(N3[H])=C(C4=[N]5)C1=CC=C(C=C1)C(C)(C)C)C1=CC=C(C=C1)[N](C)C)C1=CC=C(C=C1)C(C)(C)C)C1=CC=C(C=C1)[N](C)C ,-4.800635188,-4.790384
C4=CC5=C(C1=CC=C([N]1)C(=C2C=CC(=N2)C(=C3C=CC(=N3)C(=C4[N]5)C1=CC=C(C=C1)C#C)C1=CC=C(C=C1)[N+](=O)[O-])C1=CC=C(C=C1)C#C)C1=CC=C(C=C1)[N+](=O)[O-].[Mn],-5.864328813999999,-5.854991
C4=CC5=C(C1=CC=C([N]1)C(=C2C=CC(=N2)C(=C3C=CC(=N3)C(=C4[N]5)C1=C(C=CC(=C1[Cl])[Cl])[Cl])C1=C(C=CC(=C1[Cl])[Cl])[Cl])C1=C(C=CC(=C1[Cl])[Cl])[Cl])C1=C(C=CC(=C1[Cl])[Cl])[Cl].[Co],-5.695618134,-5.7074018
C4=CC5=C(C1=CC=C([N]1)C(=C2C=CC(=N2)C(=C3C=CC(=N3)C(=C4[N]5)C1=C(C=CC=C1)[Cl])C1=C(C=CC=C1)[Cl])C1=C(C=CC=C1)[Cl])C1=C(C=CC=C1)[Cl].[Ni],-5.4743894520000005,-5.5777416
C4=CC5=C(C1=CC=C([N]1)C(=C2C=CC(=N2)C(=C3C=CC(=N3)C(=C4[N]5)C1=CC=C(C=C1)[Br])C1=CC=C(C=C1)C(C)(C)C)C1=CC=C(C=C1)[Br])C1=CC=C(C=C1)C(C)(C)C.[Cu],-5.406088838,-5.432478
C4=CC5=C(C1=CC=C([N]1)C(=C2C=CC(=N2)C(=C3C=CC(=N3)C(=C4[N]5)C1=CC=C(C=C1)[N](C)C)C1=CC=C(C=C1)[N]([H])[H])C1=CC=C(C=C1)[N](C)C)C1=CC=C(C=C1)[N]([H])[H].[Ni],-4.70485106,-4.858755
C4=CC5=C(C1=CC=C([N]1)C(=C2C=CC(=N2)C(=C3C=CC(=N3)C(=C4[N]5)C1=CC=C(C=C1)[N]([H])[H])C1=CC=C(C=C1)[N+](=O)[O-])C1=CC=C(C=C1)[N]([H])[H])C1=CC=C(C=C1)[N+](=O)[O-].[Fe],-5.47901539,-5.501731
C4=CC5=C(C1=CC=C([N]1)C(=C2C=CC(=N2)C(=C3C=CC(=N3)C(=C4[N]5)C1=CC(=CC=C1)[Cl])C1=CC(=CC=C1)[Cl])C1=CC(=CC=C1)[Cl])C1=CC(=CC=C1)[Cl].[Mn],-5.638474194,-5.5589957
C4=CC5=C(C1=CC=C([N]1)C(=C2C=CC(=N2)C(=C3C=CC(=N3)C(=C4[N]5)C1=CC=C(C=C1)C#C)C1=CC=C(C=C1)C(C)(C)C)C1=CC=C(C=C1)C#C)C1=CC=C(C=C1)C(C)(C)C.[Co],-5.355475633999999,-5.3341737
C4=CC5=C(C1=CC=C([N]1)C(=C2C=CC(=N2)C(=C3C=CC(=N3)C(=C4[N]5)C1=CC=C(C=C1)[N]([H])[H])C1=CC=C(C=C1)C([F])([F])[F])C1=CC=C(C=C1)[N]([H])[H])C1=CC=C(C=C1)C([F])([F])[F].[Co],-5.345135302,-5.309606
C4=CC5=C(C1=CC=C([N]1)C(=C2C=CC(=N2)C(=C3C=CC(=N3)C(=C4[N]5)C1=CC=C(C=C1)C)C1=CC=C(C=C1)C)C1=CC=C(C=C1)C)C1=CC=C(C=C1)C.[Ni],-5.1979216280000005,-5.248121
C4=CC5=C(C1=CC=C([N]1)C(=C2C=CC(=N2)C(=C3C=CC(=N3)C(=C4[N]5)C1=CC=C(C=C1)[Br])C1=CC=C(C=C1)C([F])([F])[F])C1=CC=C(C=C1)[Br])C1=CC=C(C=C1)C([F])([F])[F].[Mn],-5.759020696,-5.7403817
C4=CC5=C(C1=CC=C([N]1)C(=C2C=CC(=N2)C(=C3C=CC(=N3)C(=C4[N]5)C1=CC=C(C=C1)[N]([H])[H])C1=CC=C(C=C1)C([F])([F])[F])C1=CC=C(C=C1)[N]([H])[H])C1=CC=C(C=C1)C([F])([F])[F].[Fe],-5.3160191039999996,-5.303992
C4=CC5=C(C1=CC=C([N]1)C(=C2C=CC(=N2)C(=C3C=CC(=N3)C(=C4[N]5)C1=CC=C(C=C1)OC)C1(=C(C(=C(C(=C1[F])[F])[F])[F])[F]))C1=CC=C(C=C1)OC)C1(=C(C(=C(C(=C1[F])[F])[F])[F])[F]).[Mn],-5.656433718,-5.624006
C4=CC5=C(C1=CC=C([N]1[H])C(=C2C=CC(=N2)C(=C3C=CC(N3[H])=C(C4=[N]5)C1=CC=C(C=C1)C#[N])C1=CC=C(C=C1)C#C)C1=CC=C(C=C1)C#[N])C1=CC=C(C=C1)C#C ,-5.72663913,-5.7340117
C4=CC5=C(C1=CC=C([N]1)C(=C2C=CC(=N2)C(=C3C=CC(=N3)C(=C4[N]5)C1=C(C=CC=C1)C)C1=C(C=CC=C1)C)C1=C(C=CC=C1)C)C1=C(C=CC=C1)C.[Zn],-5.357380432,-5.230951
C4=CC5=C(C1=CC=C([N]1)C(=C2C=CC(=N2)C(=C3C=CC(=N3)C(=C4[N]5)C1=CC=C(C=C1)C(C)(C)C)C1=CC=C(C=C1)OC)C1=CC=C(C=C1)C(C)(C)C)C1=CC=C(C=C1)OC.[Fe],-5.114654744,-5.0857987
C4=CC5=C(C1=CC=C([N]1)C(=C2C=CC(=N2)C(=C3C=CC(=N3)C(=C4[N]5)C1=CC=C(C=C1)[Cl])C1=CC=C(C=C1)[Cl])C1=CC=C(C=C1)[Cl])C1=CC=C(C=C1)[Cl].[Fe],-5.621058897999999,-5.580835
C4=CC5=C(C1=CC=C([N]1)C(=C2C=CC(=N2)C(=C3C=CC(=N3)C(=C4[N]5)C1=CC(=CC=C1)[Cl])C1=CC(=CC=C1)[Cl])C1=CC(=CC=C1)[Cl])C1=CC(=CC=C1)[Cl].[Co],-5.65044721,-5.5919743
C4=CC5=C(C1=CC=C([N]1)C(=C2C=CC(=N2)C(=C3C=CC(=N3)C(=C4[N]5)C1=CC=C(C=C1)C#[N])C1=CC=CC(=C1)OC)C1=CC=C(C=C1)C#[N])C1=CC=CC(=C1)OC.[Cu],-5.652079894,-5.6217127
C4=CC5=C(C1=CC=C([N]1)C(=C2C=CC(=N2)C(=C3C=CC(=N3)C(=C4[N]5)C1=CC=C(C=C1)C#[N])C1=CC=C(C=C1)[N]([H])[H])C1=CC=C(C=C1)C#[N])C1=CC=C(C=C1)[N]([H])[H].[Cu],-5.439014632,-5.3439946
C4=CC5=C(C1=CC=C([N]1)C(=C2C=CC(=N2)C(=C3C=CC(=N3)C(=C4[N]5)C1=CC=C(C=C1)[Br])C1=CC=C(C=C1)[N+](=O)[O-])C1=CC=C(C=C1)[Br])C1=CC=C(C=C1)[N+](=O)[O-].[Fe],-5.927459262,-5.9280496
C4=CC5=C(C1=CC=C([N]1)C(=C2C=CC(=N2)C(=C3C=CC(=N3)C(=C4[N]5)C1=CC=C(C=C1)C#C)C1=CC=C(C=C1)[Br])C1=CC=C(C=C1)C#C)C1=CC=C(C=C1)[Br].[Cu],-5.562282274,-5.5965705
C4=CC5=C(C1=CC=C([N]1)C(=C2C=CC(=N2)C(=C3C=CC(=N3)C(=C4[N]5)C1=CC=C(C=C1)C#[N])C1=CC=C(C=C1)[N]([H])[H])C1=CC=C(C=C1)C#[N])C1=CC=C(C=C1)[N]([H])[H].[Ni],-5.461055866000001,-5.3554525
C4=CC5=C(C1=CC=C([N]1)C(=C2C=CC(=N2)C(=C3C=CC(=N3)C(=C4[N]5)C1=CC=C(C=C1)[N]([H])[H])C1(=C(C(=C(C(=C1[F])[F])[F])[F])[F]))C1=CC=C(C=C1)[N]([H])[H])C1(=C(C(=C(C(=C1[F])[F])[F])[F])[F]).[Ni],-5.494525887999999,-5.5125933
C4=CC5=C(C1=CC=C([N]1)C(=C2C=CC(=N2)C(=C3C=CC(=N3)C(=C4[N]5)C1=CC=C(C=C1)[Br])C1=CC=C(C=C1)C([F])([F])[F])C1=CC=C(C=C1)[Br])C1=CC=C(C=C1)C([F])([F])[F].[Cu],-5.751945732,-5.7557664
C4=CC5=C(C1=CC=C([N]1)C(=C2C=CC(=N2)C(=C3C=CC(=N3)C(=C4[N]5)C1=CC=C(C=C1)C#[N])C1=CC=C(C=C1)C(C)(C)C)C1=CC=C(C=C1)C#[N])C1=CC=C(C=C1)C(C)(C)C.[Co],-5.66677405,-5.6371346
C4=CC5=C(C1=CC=C([N]1)C(=C2C=CC(=N2)C(=C3C=CC(=N3)C(=C4[N]5)C1=CC=C(C=C1)[N](C)C)C1=CC=C(C=C1)OC)C1=CC=C(C=C1)[N](C)C)C1=CC=C(C=C1)OC.[Cu],-4.862132952,-4.8604546
C4=CC5=C(C1=CC=C([N]1)C(=C2C=CC(=N2)C(=C3C=CC(=N3)C(=C4[N]5)C1=CC=C(C=C1)OC)C1=CC=C(C=C1)OC)C1=CC=C(C=C1)OC)C1=CC=C(C=C1)OC.[Mn],-5.121729708,-5.1803985
C4=CC5=C(C1=CC=C([N]1)C(=C2C=CC(=N2)C(=C3C=CC(=N3)C(=C4[N]5)C1=CC=C(C=C1)[Br])C1=CC=C(C=C1)C(C)(C)C)C1=CC=C(C=C1)[Br])C1=CC=C(C=C1)C(C)(C)C.[Fe],-5.39602062,-5.412106
C4=CC5=C(C1=CC=C([N]1)C(=C2C=CC(=N2)C(=C3C=CC(=N3)C(=C4[N]5)C1=C(C=CC(=C1[Cl])[Cl])[Cl])C1=C(C=CC(=C1[Cl])[Cl])[Cl])C1=C(C=CC(=C1[Cl])[Cl])[Cl])C1=C(C=CC(=C1[Cl])[Cl])[Cl].[Fe],-5.68854317,-5.7004485
C4=CC5=C(C1=CC=C([N]1)C(=C2C=CC(=N2)C(=C3C=CC(=N3)C(=C4[N]5)C1=C(C=CC(=C1[Cl])[Cl])[Cl])C1=C(C=CC(=C1[Cl])[Cl])[Cl])C1=C(C=CC(=C1[Cl])[Cl])[Cl])C1=C(C=CC(=C1[Cl])[Cl])[Cl].[Cu],-5.727455472000001,-5.7100267
C4=CC5=C(C1=CC=C([N]1)C(=C2C=CC(=N2)C(=C3C=CC(=N3)C(=C4[N]5)C1=C(C=CC=C1)[N+](=O)[O-])C1=C(C=CC=C1)[N+](=O)[O-])C1=C(C=CC=C1)[N+](=O)[O-])C1=C(C=CC=C1)[N+](=O)[O-].[Co],-5.5707178079999995,-5.895096
C4=CC5=C(C1=CC=C([N]1)C(=C2C=CC(=N2)C(=C3C=CC(=N3)C(=C4[N]5)C1=CC=CC=C1C#[N])C1=CC=CC=C1C#[N])C1=CC=CC=C1C#[N])C1=CC=CC=C1C#[N].[Co],-5.696978704,-5.712998
C4=CC5=C(C1=CC=C([N]1)C(=C2C=CC(=N2)C(=C3C=CC(=N3)C(=C4[N]5)C1=CC=C(C=C1)C#[N])C1(=C(C(=C(C(=C1[F])[F])[F])[F])[F]))C1=CC=C(C=C1)C#[N])C1(=C(C(=C(C(=C1[F])[F])[F])[F])[F]).[Cu],-6.179436826,-6.1547565
C4=CC5=C(C1=CC=C([N]1)C(=C2C=CC(=N2)C(=C3C=CC(=N3)C(=C4[N]5)C1=CC=C(C=C1)[Br])C1=CC=C(C=C1)[N](C)C)C1=CC=C(C=C1)[Br])C1=CC=C(C=C1)[N](C)C.[Cu],-5.061864628,-5.092898
C4=CC5=C(C1=CC=C([N]1)C(=C2C=CC(=N2)C(=C3C=CC(=N3)C(=C4[N]5)C1=CC=C(C=C1)C(C)(C)C)C1=CC=C(C=C1)[N](C)C)C1=CC=C(C=C1)C(C)(C)C)C1=CC=C(C=C1)[N](C)C.[Mn],-4.886623212,-4.927342
C4=CC5=C(C1=CC=C([N]1)C(=C2C=CC(=N2)C(=C3C=CC(=N3)C(=C4[N]5)C1=CC(=CC=C1)[Cl])C1=CC(=CC=C1)[Cl])C1=CC(=CC=C1)[Cl])C1=CC(=CC=C1)[Cl].[Cu],-5.642011676,-5.5716047
C4=CC5=C(C1=CC=C([N]1)C(=C2C=CC(=N2)C(=C3C=CC(=N3)C(=C4[N]5)C1=CC=C(C=C1)OC)C1=CC=C(C=C1)C([F])([F])[F])C1=CC=C(C=C1)OC)C1=CC=C(C=C1)C([F])([F])[F].[Co],-5.48173653,-5.4699426
C4=CC5=C(C1=CC=C([N]1)C(=C2C=CC(=N2)C(=C3C=CC(=N3)C(=C4[N]5)C1=CC=C(C=C1)[Cl])C1=CC=C(C=C1)[Cl])C1=CC=C(C=C1)[Cl])C1=CC=C(C=C1)[Cl].[Cu],-5.633031914,-5.5799804
C4=CC5=C(C1=CC=C([N]1)C(=C2C=CC(=N2)C(=C3C=CC(=N3)C(=C4[N]5)C1=CC=C(C=C1)[N](C)C)C1=CC=CC(=C1)OC)C1=CC=C(C=C1)[N](C)C)C1=CC=CC(=C1)OC.[Co],-4.88036459,-4.861242
C4=CC5=C(C1=CC=C([N]1)C(=C2C=CC(=N2)C(=C3C=CC(=N3)C(=C4[N]5)C1=CC=C(C=C1)C#C)C1(=C(C(=C(C(=C1[F])[F])[F])[F])[F]))C1=CC=C(C=C1)C#C)C1(=C(C(=C(C(=C1[F])[F])[F])[F])[F]).[Fe],-5.8485462020000005,-5.895304
C4=CC5=C(C1=CC=C([N]1)C(=C2C=CC(=N2)C(=C3C=CC(=N3)C(=C4[N]5)C1=CC=C(C=C1)C#C)C1=CC=C(C=C1)[N](C)C)C1=CC=C(C=C1)C#C)C1=CC=C(C=C1)[N](C)C.[Cu],-5.047986814,-5.1138015
C4=CC5=C(C1=CC=C([N]1)C(=C2C=CC(=N2)C(=C3C=CC(=N3)C(=C4[N]5)C1=CC=C(C=C1)[N](C)C)C1=CC=C(C=C1)C([F])([F])[F])C1=CC=C(C=C1)[N](C)C)C1=CC=C(C=C1)C([F])([F])[F].[Ni],-5.185948612,-5.2031674
C4=CC5=C(C1=CC=C([N]1)C(=C2C=CC(=N2)C(=C3C=CC(=N3)C(=C4[N]5)C1=CC=C(C=C1)C(C)(C)C)C1=CC=C(C=C1)[N+](=O)[O-])C1=CC=C(C=C1)C(C)(C)C)C1=CC=C(C=C1)[N+](=O)[O-].[Mn],-5.69942773,-5.698709
C4=CC5=C(C1=CC=C([N]1)C(=C2C=CC(=N2)C(=C3C=CC(=N3)C(=C4[N]5)C1=CC=C(C=C1)[Br])C1=CC=C(C=C1)C([F])([F])[F])C1=CC=C(C=C1)[Br])C1=CC=C(C=C1)C([F])([F])[F].[Fe],-5.74840825,-5.7463083
C4=CC5=C(C1=CC=C([N]1)C(=C2C=CC(=N2)C(=C3C=CC(=N3)C(=C4[N]5)C1=CC=C(C=C1)[F])C1=CC=C(C=C1)[F])C1=CC=C(C=C1)[F])C1=CC=C(C=C1)[F].[Mn],-5.558744792000001,-5.5341716
C4=CC5=C(C1=CC=C([N]1)C(=C2C=CC(=N2)C(=C3C=CC(=N3)C(=C4[N]5)C1=CC=C(C=C1)C(C)(C)C)C1(=C(C(=C(C(=C1[F])[F])[F])[F])[F]))C1=CC=C(C=C1)C(C)(C)C)C1(=C(C(=C(C(=C1[F])[F])[F])[F])[F]).[Ni],-5.7195641660000005,-5.7086263
C4=CC5=C(C1=CC=C([N]1)C(=C2C=CC(=N2)C(=C3C=CC(=N3)C(=C4[N]5)C1=CC=C(C=C1)C(C)(C)C)C1=CC=C(C=C1)OC)C1=CC=C(C=C1)C(C)(C)C)C1=CC=C(C=C1)OC.[Cu],-5.1258114180000005,-5.086688
C4=CC5=C(C1=CC=C([N]1)C(=C2C=CC(=N2)C(=C3C=CC(=N3)C(=C4[N]5)C1=CC=C(C=C1)C#C)C1=CC=C(C=C1)[N+](=O)[O-])C1=CC=C(C=C1)C#C)C1=CC=C(C=C1)[N+](=O)[O-].[Cu],-5.85997499,-5.8646917
C4=CC5=C(C1=CC=C([N]1)C(=C2C=CC(=N2)C(=C3C=CC(=N3)C(=C4[N]5)C1=CC=C(C=C1)C#C)C1=CC=C(C=C1)[N]([H])[H])C1=CC=C(C=C1)C#C)C1=CC=C(C=C1)[N]([H])[H].[Fe],-5.15928144,-5.105494
C4=CC5=C(C1=CC=C([N]1)C(=C2C=CC(=N2)C(=C3C=CC(=N3)C(=C4[N]5)C1=CC=C(C=C1)C#C)C1=CC=C(C=C1)[N](C)C)C1=CC=C(C=C1)C#C)C1=CC=C(C=C1)[N](C)C.[Co],-5.05179641,-5.10429
C4=CC5=C(C1=CC=C([N]1)C(=C2C=CC(=N2)C(=C3C=CC(=N3)C(=C4[N]5)C1=CC(=CC=C1)[Cl])C1=CC(=CC=C1)[Cl])C1=CC(=CC=C1)[Cl])C1=CC(=CC=C1)[Cl].[Fe],-5.627045406000001,-5.571132
C4=CC5=C(C1=CC=C([N]1)C(=C2C=CC(=N2)C(=C3C=CC(=N3)C(=C4[N]5)C1(=C(C(=C(C(=C1[F])[F])[F])[F])[F]))C1=CC=C(C=C1)C([F])([F])[F])C1(=C(C(=C(C(=C1[F])[F])[F])[F])[F]))C1=CC=C(C=C1)C([F])([F])[F].[Cu],-6.072496023999999,-6.1015987
C4=CC5=C(C1=CC=C([N]1)C(=C2C=CC(=N2)C(=C3C=CC(=N3)C(=C4[N]5)C1=CC=C(C=C1)C#[N])C1=CC=C(C=C1)C([F])([F])[F])C1=CC=C(C=C1)C#[N])C1=CC=C(C=C1)C([F])([F])[F].[Fe],-6.0003858139999995,-6.012826
C4=CC5=C(C1=CC=C([N]1)C(=C2C=CC(=N2)C(=C3C=CC(=N3)C(=C4[N]5)C1=CC=C(C=C1)OC)C1=CC=C(C=C1)[N+](=O)[O-])C1=CC=C(C=C1)OC)C1=CC=C(C=C1)[N+](=O)[O-].[Ni],-5.658066402,-5.669363
C4=CC5=C(C1=CC=C([N]1[H])C(=C2C=CC(=N2)C(=C3C=CC(N3[H])=C(C4=[N]5)C1=CC=C(C=C1)C#[N])C1=CC=C(C=C1)[N](C)C)C1=CC=C(C=C1)C#[N])C1=CC=C(C=C1)[N](C)C ,-5.214248468,-5.282927
C4=CC5=C(C1=CC=C([N]1)C(=C2C=CC(=N2)C(=C3C=CC(=N3)C(=C4[N]5)C1=CC=C(C=C1)[N](C)C)C1=CC=C(C=C1)OC)C1=CC=C(C=C1)[N](C)C)C1=CC=C(C=C1)OC.[Mn],-4.888255896,-4.8447685
C4=CC5=C(C1=CC=C([N]1)C(=C2C=CC(=N2)C(=C3C=CC(=N3)C(=C4[N]5)C1=CC=C(C=C1)C(C)(C)C)C1=CC=C(C=C1)C([F])([F])[F])C1=CC=C(C=C1)C(C)(C)C)C1=CC=C(C=C1)C([F])([F])[F].[Cu],-5.515478666,-5.520291
C4=CC5=C(C1=CC=C([N]1[H])C(=C2C=CC(=N2)C(=C3C=CC(N3[H])=C(C4=[N]5)C1=CC=C(C=C1)C#C)C1=CC=C(C=C1)C([F])([F])[F])C1=CC=C(C=C1)C#C)C1=CC=C(C=C1)C([F])([F])[F] ,-5.5995618920000005,-5.6016235
C4=CC5=C(C1=CC=C([N]1)C(=C2C=CC(=N2)C(=C3C=CC(=N3)C(=C4[N]5)C1=CC=C(C=C1)OC)C1=CC=C(C=C1)[N+](=O)[O-])C1=CC=C(C=C1)OC)C1=CC=C(C=C1)[N+](=O)[O-].[Mn],-5.63003866,-5.655709
C4=CC5=C(C1=CC=C([N]1)C(=C2C=CC(=N2)C(=C3C=CC(=N3)C(=C4[N]5)C1=CC=C(C=C1)C#[N])C1=CC=C(C=C1)OC)C1=CC=C(C=C1)C#[N])C1=CC=C(C=C1)OC.[Cu],-5.550853486,-5.581442
C4=CC5=C(C1=CC=C([N]1[H])C(=C2C=CC(=N2)C(=C3C=CC(N3[H])=C(C4=[N]5)C1=CC=C(C=C1)C#C)C1=CC=C(C=C1)[Br])C1=CC=C(C=C1)C#C)C1=CC=C(C=C1)[Br] ,-5.476022136,-5.514816
C4=CC5=C(C1=CC=C([N]1)C(=C2C=CC(=N2)C(=C3C=CC(=N3)C(=C4[N]5)C1=C(C=CC=C1Cl)[Cl])C1=C(C=CC=C1Cl)[Cl])C1=C(C=CC=C1Cl)[Cl])C1=C(C=CC=C1Cl)[Cl].[Mn],-5.49534223,-5.555109
C4=CC5=C(C1=CC=C([N]1)C(=C2C=CC(=N2)C(=C3C=CC(=N3)C(=C4[N]5)C1=CC=C(C=C1)[Br])C1(=C(C(=C(C(=C1[F])[F])[F])[F])[F]))C1=CC=C(C=C1)[Br])C1(=C(C(=C(C(=C1[F])[F])[F])[F])[F]).[Fe],-5.936439023999999,-5.918839
C4=CC5=C(C1=CC=C([N]1[H])C(=C2C=CC(=N2)C(=C3C=CC(N3[H])=C(C4=[N]5)C1=CC=C(C=C1)[N](C)C)C1(=C(C(=C(C(=C1[F])[F])[F])[F])[F]))C1=CC=C(C=C1)[N](C)C)C1(=C(C(=C(C(=C1[F])[F])[F])[F])[F]) ,-5.226493598,-5.268996
C4=CC5=C(C1=CC=C([N]1)C(=C2C=CC(=N2)C(=C3C=CC(=N3)C(=C4[N]5)C1=C(C=CC=C1Cl)[Cl])C1=C(C=CC=C1Cl)[Cl])C1=C(C=CC=C1Cl)[Cl])C1=C(C=CC=C1Cl)[Cl].[Co],-5.49262109,-5.5653024
C4=CC5=C(C1=CC=C([N]1)C(=C2C=CC(=N2)C(=C3C=CC(=N3)C(=C4[N]5)C1=CC=C(C=C1)C#[N])C1=CC=C(C=C1)C#C)C1=CC=C(C=C1)C#[N])C1=CC=C(C=C1)C#C.[Mn],-5.81915789,-5.911278
C4=CC5=C(C1=CC=C([N]1)C(=C2C=CC(=N2)C(=C3C=CC(=N3)C(=C4[N]5)C1=CC=C(C=C1)C#C)C1=CC=C(C=C1)[Br])C1=CC=C(C=C1)C#C)C1=CC=C(C=C1)[Br].[Ni],-5.579153342000001,-5.592192
C4=CC5=C(C1=CC=C([N]1[H])C(=C2C=CC(=N2)C(=C3C=CC(N3[H])=C(C4=[N]5)C1=CC=C(C=C1)C#[N])C1(=C(C(=C(C(=C1[F])[F])[F])[F])[F]))C1=CC=C(C=C1)C#[N])C1(=C(C(=C(C(=C1[F])[F])[F])[F])[F]) ,-6.115217922,-6.082893
C4=CC5=C(C1=CC=C([N]1)C(=C2C=CC(=N2)C(=C3C=CC(=N3)C(=C4[N]5)C1=C(C=CC=C1)C)C1=C(C=CC=C1)C)C1=C(C=CC=C1)C)C1=C(C=CC=C1)C.[Co],-5.3990138739999995,-5.28328
C4=CC5=C(C1=CC=C([N]1)C(=C2C=CC(=N2)C(=C3C=CC(=N3)C(=C4[N]5)C1(=C(C(=C(C(=C1[F])[F])[F])[F])[F]))C1=CC=C(C=C1)[N+](=O)[O-])C1(=C(C(=C(C(=C1[F])[F])[F])[F])[F]))C1=CC=C(C=C1)[N+](=O)[O-].[Cu],-6.26950656,-6.2216024
C4=CC5=C(C1=CC=C([N]1)C(=C2C=CC(=N2)C(=C3C=CC(=N3)C(=C4[N]5)C1=CC=C(C=C1)[N](C)C)C1(=C(C(=C(C(=C1[F])[F])[F])[F])[F]))C1=CC=C(C=C1)[N](C)C)C1(=C(C(=C(C(=C1[F])[F])[F])[F])[F]).[Mn],-5.282276968,-5.273005
C4=CC5=C(C1=CC=C([N]1)C(=C2C=CC(=N2)C(=C3C=CC(=N3)C(=C4[N]5)C1=CC=CC=C1)C1=CC=CC=C1)C1=CC=CC=C1)C1=CC=CC=C1.[Co],-5.335067083999999,-5.3438177
C4=CC5=C(C1=CC=C([N]1)C(=C2C=CC(=N2)C(=C3C=CC(=N3)C(=C4[N]5)C1=CC=C(C=C1)OC)C1=CC=C(C=C1)[N]([H])[H])C1=CC=C(C=C1)OC)C1=CC=C(C=C1)[N]([H])[H].[Fe],-4.957100738,-4.9764233
C4=CC5=C(C1=CC=C([N]1)C(=C2C=CC(=N2)C(=C3C=CC(=N3)C(=C4[N]5)C1(=C(C(=C(C(=C1[F])[F])[F])[F])[F]))C1=CC=C(C=C1)[N+](=O)[O-])C1(=C(C(=C(C(=C1[F])[F])[F])[F])[F]))C1=CC=C(C=C1)[N+](=O)[O-].[Co],-6.2488258960000005,-6.222544
C4=CC5=C(C1=CC=C([N]1)C(=C2C=CC(=N2)C(=C3C=CC(=N3)C(=C4[N]5)C1=CC=C(C=C1)[Br])C1=CC=C(C=C1)OC)C1=CC=C(C=C1)[Br])C1=CC=C(C=C1)OC.[Fe],-5.342142048,-5.3708863
C4=CC5=C(C1=CC=C([N]1)C(=C2C=CC(=N2)C(=C3C=CC(=N3)C(=C4[N]5)C1=CC=C(C=C1)C#C)C1=CC=C(C=C1)OC)C1=CC=C(C=C1)C#C)C1=CC=C(C=C1)OC.[Co],-5.308127798,-5.307484
C4=CC5=C(C1=CC=C([N]1)C(=C2C=CC(=N2)C(=C3C=CC(=N3)C(=C4[N]5)C1=CC=C(C=C1)[Br])C1=CC=C(C=C1)[N+](=O)[O-])C1=CC=C(C=C1)[Br])C1=CC=C(C=C1)[N+](=O)[O-].[Co],-5.950044724,-5.9318223
C4=CC5=C(C1=CC=C([N]1)C(=C2C=CC(=N2)C(=C3C=CC(=N3)C(=C4[N]5)C1(=C(C(=C(C(=C1[F])[F])[F])[F])[F]))C1=CC=C(C=C1)C([F])([F])[F])C1(=C(C(=C(C(=C1[F])[F])[F])[F])[F]))C1=CC=C(C=C1)C([F])([F])[F].[Co],-6.0771219620000005,-6.1000714
C4=CC5=C(C1=CC=C([N]1)C(=C2C=CC(=N2)C(=C3C=CC(=N3)C(=C4[N]5)C1=CC=C(C=C1)C#[N])C1=CC=C(C=C1)[N]([H])[H])C1=CC=C(C=C1)C#[N])C1=CC=C(C=C1)[N]([H])[H].[Fe],-5.43003487,-5.3582253
C4=CC5=C(C1=CC=C([N]1)C(=C2C=CC(=N2)C(=C3C=CC(=N3)C(=C4[N]5)C1=CC=CC=C1)C1=CC=CC=C1)C1=CC=CC=C1)C1=CC=CC=C1.[Zn],-5.283637538,-5.296194
C4=CC5=C(C1=CC=C([N]1)C(=C2C=CC(=N2)C(=C3C=CC(=N3)C(=C4[N]5)C1=CC=C(C=C1)[Br])C1=CC=C(C=C1)OC)C1=CC=C(C=C1)[Br])C1=CC=C(C=C1)OC.[Cu],-5.340781478,-5.3717375
C4=CC5=C(C1=CC=C([N]1[H])C(=C2C=CC(=N2)C(=C3C=CC(N3[H])=C(C4=[N]5)C1=CC=C(C=C1)[Br])C1=CC=C(C=C1)C([F])([F])[F])C1=CC=C(C=C1)[Br])C1=CC=C(C=C1)C([F])([F])[F] ,-5.665141366,-5.6960135
C4=CC5=C(C1=CC=C([N]1[H])C(=C2C=CC(=N2)C(=C3C=CC(N3[H])=C(C4=[N]5)C1=CC=C(C=C1)C#C)C1=CC=C(C=C1)[N]([H])[H])C1=CC=C(C=C1)C#C)C1=CC=C(C=C1)[N]([H])[H] ,-5.084994318,-5.012685
C4=CC5=C(C1=CC=C([N]1)C(=C2C=CC(=N2)C(=C3C=CC(=N3)C(=C4[N]5)C1=CC=C(C=C1)[N](C)C)C1=CC=CC(=C1)OC)C1=CC=C(C=C1)[N](C)C)C1=CC=CC(=C1)OC.[Cu],-4.972067008,-4.8710446
C4=CC5=C(C1=CC=C([N]1)C(=C2C=CC(=N2)C(=C3C=CC(=N3)C(=C4[N]5)C1=CC=C(C=C1)OC)C1=CC=C(C=C1)[N]([H])[H])C1=CC=C(C=C1)OC)C1=CC=C(C=C1)[N]([H])[H].[Cu],-4.966624728,-4.983703
C4=CC5=C(C1=CC=C([N]1)C(=C2C=CC(=N2)C(=C3C=CC(=N3)C(=C4[N]5)C1=CC=C(C=C1)C#[N])C1=CC=C(C=C1)[N](C)C)C1=CC=C(C=C1)C#[N])C1=CC=C(C=C1)[N](C)C.[Ni],-5.237378158,-5.3195806
C4=CC5=C(C1=CC=C([N]1)C(=C2C=CC(=N2)C(=C3C=CC(=N3)C(=C4[N]5)C1=CC=CC(=C1)C#[N])C1=CC=CC(=C1)C#[N])C1=CC=CC(=C1)C#[N])C1=CC=CC(=C1)C#[N].[Co],-6.04501251,-6.0136623
C4=CC5=C(C1=CC=C([N]1)C(=C2C=CC(=N2)C(=C3C=CC(=N3)C(=C4[N]5)C1=CC=C(C=C1)C#C)C1=CC=C(C=C1)C([F])([F])[F])C1=CC=C(C=C1)C#C)C1=CC=C(C=C1)C([F])([F])[F].[Cu],-5.683917232000001,-5.683266
C4=CC5=C(C1=CC=C([N]1[H])C(=C2C=CC(=N2)C(=C3C=CC(N3[H])=C(C4=[N]5)C1(=C(C(=C(C(=C1[F])[F])[F])[F])[F]))C1=CC=C(C=C1)[N+](=O)[O-])C1(=C(C(=C(C(=C1[F])[F])[F])[F])[F]))C1=CC=C(C=C1)[N+](=O)[O-] ,-6.194403096,-6.191306
C4=CC5=C(C1=CC=C([N]1[H])C(=C2C=CC(=N2)C(=C3C=CC(N3[H])=C(C4=[N]5)C1(=C(C(=C(C(=C1[F])[F])[F])[F])[F]))C1=CC=C(C=C1)C([F])([F])[F])C1(=C(C(=C(C(=C1[F])[F])[F])[F])[F]))C1=CC=C(C=C1)C([F])([F])[F] ,-5.996848332000001,-5.9691906
C4=CC5=C(C1=CC=C([N]1[H])C(=C2C=CC(=N2)C(=C3C=CC(N3[H])=C(C4=[N]5)C1=CC=C(C=C1)[N]([H])[H])C1=CC=C(C=C1)C([F])([F])[F])C1=CC=C(C=C1)[N]([H])[H])C1=CC=C(C=C1)C([F])([F])[F] ,-5.2215955460000005,-5.172549
C4=CC5=C(C1=CC=C([N]1)C(=C2C=CC(=N2)C(=C3C=CC(=N3)C(=C4[N]5)C1=CC=C(C=C1)[N+](=O)[O-])C1=CC=CC(=C1)OC)C1=CC=C(C=C1)[N+](=O)[O-])C1=CC=CC(=C1)OC.[Co],-5.75248996,-5.689246
C4=CC5=C(C1=CC=C([N]1)C(=C2C=CC(=N2)C(=C3C=CC(=N3)C(=C4[N]5)C1=CC=C(C=C1)C(C)(C)C)C1=CC=C(C=C1)OC)C1=CC=C(C=C1)C(C)(C)C)C1=CC=C(C=C1)OC.[Co],-5.142138258,-5.09626
C4=CC5=C(C1=CC=C([N]1)C(=C2C=CC(=N2)C(=C3C=CC(=N3)C(=C4[N]5)C1=CC=C(C=C1)C#C)C1=CC=C(C=C1)OC)C1=CC=C(C=C1)C#C)C1=CC=C(C=C1)OC.[Mn],-5.29942015,-5.2881265
C4=CC5=C(C1=CC=C([N]1)C(=C2C=CC(=N2)C(=C3C=CC(=N3)C(=C4[N]5)C1=C(C=CC(=C1[Cl])[Cl])[Cl])C1=C(C=CC(=C1[Cl])[Cl])[Cl])C1=C(C=CC(=C1[Cl])[Cl])[Cl])C1=C(C=CC(=C1[Cl])[Cl])[Cl].[Ni],-5.707046922000001,-5.707178
C4=CC5=C(C1=CC=C([N]1)C(=C2C=CC(=N2)C(=C3C=CC(=N3)C(=C4[N]5)C1=CC=C(C=C1)[Cl])C1=CC=C(C=C1)[Cl])C1=CC=C(C=C1)[Cl])C1=CC=C(C=C1)[Cl].[Zn],-5.593031156,-5.6080704
C4=CC5=C(C1=CC=C([N]1)C(=C2C=CC(=N2)C(=C3C=CC(=N3)C(=C4[N]5)C1=CC=C(C=C1)[N](C)C)C1(=C(C(=C(C(=C1[F])[F])[F])[F])[F]))C1=CC=C(C=C1)[N](C)C)C1(=C(C(=C(C(=C1[F])[F])[F])[F])[F]).[Fe],-5.284181766000001,-5.289002
C4=CC5=C(C1=CC=C([N]1)C(=C2C=CC(=N2)C(=C3C=CC(=N3)C(=C4[N]5)C1(=C(C(=C(C(=C1[F])[F])[F])[F])[F]))C1=CC=CC(=C1)OC)C1(=C(C(=C(C(=C1[F])[F])[F])[F])[F]))C1=CC=CC(=C1)OC.[Co],-5.739428488,-5.6969476
C4=CC5=C(C1=CC=C([N]1)C(=C2C=CC(=N2)C(=C3C=CC(=N3)C(=C4[N]5)C1=CC=C(C=C1)C([F])([F])[F])C1=CC=CC(=C1)OC)C1=CC=C(C=C1)C([F])([F])[F])C1=CC=CC(=C1)OC.[Ni],-5.529628594,-5.5544195
